,municipio,codEstacao,uf,nomeEstacao,latitude,longitude,datahora,valorMedida,semana,hora,data
341365,SÃO PAULO,355030811A,SP,AC Santana,"-23,50248","-46,628836",2025-01-20 00:10:00,0.0,4,0,2025-01-20
341366,SÃO PAULO,355030811A,SP,AC Santana,"-23,50248","-46,628836",2025-01-20 01:10:00,0.0,4,1,2025-01-20
341367,SÃO PAULO,355030811A,SP,AC Santana,"-23,50248","-46,628836",2025-01-20 02:10:00,0.0,4,2,2025-01-20
341368,SÃO PAULO,355030811A,SP,AC Santana,"-23,50248","-46,628836",2025-01-20 03:10:00,0.0,4,3,2025-01-20
341369,SÃO PAULO,355030811A,SP,AC Santana,"-23,50248","-46,628836",2025-01-20 04:10:00,0.0,4,4,2025-01-20
341370,SÃO PAULO,355030811A,SP,AC Santana,"-23,50248","-46,628836",2025-01-20 05:10:00,0.0,4,5,2025-01-20
341371,SÃO PAULO,355030811A,SP,AC Santana,"-23,50248","-46,628836",2025-01-20 06:10:00,0.0,4,6,2025-01-20
341372,SÃO PAULO,355030811A,SP,AC Santana,"-23,50248","-46,628836",2025-01-20 07:10:00,0.0,4,7,2025-01-20
341373,SÃO PAULO,355030811A,SP,AC Santana,"-23,50248","-46,628836",2025-01-20 08:10:00,0.0,4,8,2025-01-20
341374,SÃO PAULO,355030811A,SP,AC Santana,"-23,50248","-46,628836",2025-01-20 09:10:00,0.0,4,9,2025-01-20
341375,SÃO PAULO,355030811A,SP,AC Santana,"-23,50248","-46,628836",2025-01-20 10:10:00,0.0,4,10,2025-01-20
341376,SÃO PAULO,355030811A,SP,AC Santana,"-23,50248","-46,628836",2025-01-20 11:10:00,0.0,4,11,2025-01-20
341377,SÃO PAULO,355030811A,SP,AC Santana,"-23,50248","-46,628836",2025-01-20 12:10:00,0.0,4,12,2025-01-20
341378,SÃO PAULO,355030811A,SP,AC Santana,"-23,50248","-46,628836",2025-01-20 13:10:00,0.0,4,13,2025-01-20
341379,SÃO PAULO,355030811A,SP,AC Santana,"-23,50248","-46,628836",2025-01-20 14:10:00,0.0,4,14,2025-01-20
341380,SÃO PAULO,355030811A,SP,AC Santana,"-23,50248","-46,628836",2025-01-20 15:10:00,0.0,4,15,2025-01-20
341381,SÃO PAULO,355030811A,SP,AC Santana,"-23,50248","-46,628836",2025-01-20 16:10:00,0.0,4,16,2025-01-20
341382,SÃO PAULO,355030811A,SP,AC Santana,"-23,50248","-46,628836",2025-01-20 17:10:00,0.0,4,17,2025-01-20
341383,SÃO PAULO,355030811A,SP,AC Santana,"-23,50248","-46,628836",2025-01-20 18:10:00,0.0,4,18,2025-01-20
341384,SÃO PAULO,355030811A,SP,AC Santana,"-23,50248","-46,628836",2025-01-20 19:10:00,0.0,4,19,2025-01-20
341385,SÃO PAULO,355030811A,SP,AC Santana,"-23,50248","-46,628836",2025-01-20 20:10:00,0.0,4,20,2025-01-20
341386,SÃO PAULO,355030811A,SP,AC Santana,"-23,50248","-46,628836",2025-01-20 21:10:00,0.0,4,21,2025-01-20
341387,SÃO PAULO,355030811A,SP,AC Santana,"-23,50248","-46,628836",2025-01-20 22:10:00,0.0,4,22,2025-01-20
341388,SÃO PAULO,355030811A,SP,AC Santana,"-23,50248","-46,628836",2025-01-20 23:10:00,0.0,4,23,2025-01-20
341389,SÃO PAULO,355030811A,SP,AC Santana,"-23,50248","-46,628836",2025-01-21 00:10:00,0.0,4,0,2025-01-21
341390,SÃO PAULO,355030811A,SP,AC Santana,"-23,50248","-46,628836",2025-01-21 01:10:00,0.0,4,1,2025-01-21
341391,SÃO PAULO,355030811A,SP,AC Santana,"-23,50248","-46,628836",2025-01-21 02:10:00,0.0,4,2,2025-01-21
341392,SÃO PAULO,355030811A,SP,AC Santana,"-23,50248","-46,628836",2025-01-21 03:10:00,0.0,4,3,2025-01-21
341393,SÃO PAULO,355030811A,SP,AC Santana,"-23,50248","-46,628836",2025-01-21 04:10:00,0.0,4,4,2025-01-21
341394,SÃO PAULO,355030811A,SP,AC Santana,"-23,50248","-46,628836",2025-01-21 05:10:00,0.0,4,5,2025-01-21
341395,SÃO PAULO,355030811A,SP,AC Santana,"-23,50248","-46,628836",2025-01-21 06:10:00,0.0,4,6,2025-01-21
341396,SÃO PAULO,355030811A,SP,AC Santana,"-23,50248","-46,628836",2025-01-21 07:10:00,0.0,4,7,2025-01-21
341397,SÃO PAULO,355030811A,SP,AC Santana,"-23,50248","-46,628836",2025-01-21 08:10:00,0.0,4,8,2025-01-21
341398,SÃO PAULO,355030811A,SP,AC Santana,"-23,50248","-46,628836",2025-01-21 09:10:00,0.0,4,9,2025-01-21
341399,SÃO PAULO,355030811A,SP,AC Santana,"-23,50248","-46,628836",2025-01-21 10:10:00,0.0,4,10,2025-01-21
341400,SÃO PAULO,355030811A,SP,AC Santana,"-23,50248","-46,628836",2025-01-21 11:10:00,0.0,4,11,2025-01-21
341401,SÃO PAULO,355030811A,SP,AC Santana,"-23,50248","-46,628836",2025-01-21 12:10:00,0.0,4,12,2025-01-21
341402,SÃO PAULO,355030811A,SP,AC Santana,"-23,50248","-46,628836",2025-01-21 13:10:00,0.0,4,13,2025-01-21
341403,SÃO PAULO,355030811A,SP,AC Santana,"-23,50248","-46,628836",2025-01-21 14:10:00,0.0,4,14,2025-01-21
341404,SÃO PAULO,355030811A,SP,AC Santana,"-23,50248","-46,628836",2025-01-21 15:10:00,0.0,4,15,2025-01-21
341405,SÃO PAULO,355030811A,SP,AC Santana,"-23,50248","-46,628836",2025-01-21 16:10:00,0.0,4,16,2025-01-21
341406,SÃO PAULO,355030811A,SP,AC Santana,"-23,50248","-46,628836",2025-01-21 17:10:00,0.0,4,17,2025-01-21
341407,SÃO PAULO,355030811A,SP,AC Santana,"-23,50248","-46,628836",2025-01-21 18:10:00,0.0,4,18,2025-01-21
341408,SÃO PAULO,355030811A,SP,AC Santana,"-23,50248","-46,628836",2025-01-21 19:10:00,0.0,4,19,2025-01-21
341409,SÃO PAULO,355030811A,SP,AC Santana,"-23,50248","-46,628836",2025-01-21 20:10:00,0.0,4,20,2025-01-21
341410,SÃO PAULO,355030811A,SP,AC Santana,"-23,50248","-46,628836",2025-01-21 21:10:00,0.0,4,21,2025-01-21
341411,SÃO PAULO,355030811A,SP,AC Santana,"-23,50248","-46,628836",2025-01-21 22:10:00,0.0,4,22,2025-01-21
341412,SÃO PAULO,355030811A,SP,AC Santana,"-23,50248","-46,628836",2025-01-21 23:10:00,0.0,4,23,2025-01-21
341413,SÃO PAULO,355030811A,SP,AC Santana,"-23,50248","-46,628836",2025-01-22 00:10:00,0.0,4,0,2025-01-22
341414,SÃO PAULO,355030811A,SP,AC Santana,"-23,50248","-46,628836",2025-01-22 01:10:00,0.0,4,1,2025-01-22
341415,SÃO PAULO,355030811A,SP,AC Santana,"-23,50248","-46,628836",2025-01-22 02:10:00,0.0,4,2,2025-01-22
341416,SÃO PAULO,355030811A,SP,AC Santana,"-23,50248","-46,628836",2025-01-22 03:10:00,0.0,4,3,2025-01-22
341417,SÃO PAULO,355030811A,SP,AC Santana,"-23,50248","-46,628836",2025-01-22 04:10:00,0.0,4,4,2025-01-22
341418,SÃO PAULO,355030811A,SP,AC Santana,"-23,50248","-46,628836",2025-01-22 05:10:00,0.0,4,5,2025-01-22
341419,SÃO PAULO,355030811A,SP,AC Santana,"-23,50248","-46,628836",2025-01-22 06:10:00,0.0,4,6,2025-01-22
341420,SÃO PAULO,355030811A,SP,AC Santana,"-23,50248","-46,628836",2025-01-22 07:10:00,0.0,4,7,2025-01-22
341421,SÃO PAULO,355030811A,SP,AC Santana,"-23,50248","-46,628836",2025-01-22 08:10:00,0.0,4,8,2025-01-22
341422,SÃO PAULO,355030811A,SP,AC Santana,"-23,50248","-46,628836",2025-01-22 09:10:00,0.0,4,9,2025-01-22
341423,SÃO PAULO,355030811A,SP,AC Santana,"-23,50248","-46,628836",2025-01-22 10:10:00,0.0,4,10,2025-01-22
341424,SÃO PAULO,355030811A,SP,AC Santana,"-23,50248","-46,628836",2025-01-22 11:10:00,0.0,4,11,2025-01-22
341425,SÃO PAULO,355030811A,SP,AC Santana,"-23,50248","-46,628836",2025-01-22 12:10:00,0.0,4,12,2025-01-22
341426,SÃO PAULO,355030811A,SP,AC Santana,"-23,50248","-46,628836",2025-01-22 13:10:00,0.0,4,13,2025-01-22
341427,SÃO PAULO,355030811A,SP,AC Santana,"-23,50248","-46,628836",2025-01-22 14:10:00,0.0,4,14,2025-01-22
341428,SÃO PAULO,355030811A,SP,AC Santana,"-23,50248","-46,628836",2025-01-22 15:10:00,0.0,4,15,2025-01-22
341429,SÃO PAULO,355030811A,SP,AC Santana,"-23,50248","-46,628836",2025-01-22 16:10:00,0.0,4,16,2025-01-22
341430,SÃO PAULO,355030811A,SP,AC Santana,"-23,50248","-46,628836",2025-01-22 17:10:00,0.0,4,17,2025-01-22
341431,SÃO PAULO,355030811A,SP,AC Santana,"-23,50248","-46,628836",2025-01-22 18:10:00,0.0,4,18,2025-01-22
341432,SÃO PAULO,355030811A,SP,AC Santana,"-23,50248","-46,628836",2025-01-22 19:10:00,0.0,4,19,2025-01-22
341433,SÃO PAULO,355030811A,SP,AC Santana,"-23,50248","-46,628836",2025-01-22 20:10:00,0.0,4,20,2025-01-22
341434,SÃO PAULO,355030811A,SP,AC Santana,"-23,50248","-46,628836",2025-01-22 20:50:00,0.59,4,20,2025-01-22
341435,SÃO PAULO,355030811A,SP,AC Santana,"-23,50248","-46,628836",2025-01-22 21:00:00,1.18,4,21,2025-01-22
341436,SÃO PAULO,355030811A,SP,AC Santana,"-23,50248","-46,628836",2025-01-22 21:10:00,1.77,4,21,2025-01-22
341437,SÃO PAULO,355030811A,SP,AC Santana,"-23,50248","-46,628836",2025-01-22 21:20:00,1.18,4,21,2025-01-22
341438,SÃO PAULO,355030811A,SP,AC Santana,"-23,50248","-46,628836",2025-01-22 21:30:00,0.79,4,21,2025-01-22
341439,SÃO PAULO,355030811A,SP,AC Santana,"-23,50248","-46,628836",2025-01-22 21:40:00,0.59,4,21,2025-01-22
341440,SÃO PAULO,355030811A,SP,AC Santana,"-23,50248","-46,628836",2025-01-22 21:50:00,0.39,4,21,2025-01-22
341441,SÃO PAULO,355030811A,SP,AC Santana,"-23,50248","-46,628836",2025-01-22 22:00:00,0.39,4,22,2025-01-22
341442,SÃO PAULO,355030811A,SP,AC Santana,"-23,50248","-46,628836",2025-01-22 22:10:00,0.39,4,22,2025-01-22
341443,SÃO PAULO,355030811A,SP,AC Santana,"-23,50248","-46,628836",2025-01-22 22:20:00,0.39,4,22,2025-01-22
341444,SÃO PAULO,355030811A,SP,AC Santana,"-23,50248","-46,628836",2025-01-22 22:30:00,0.2,4,22,2025-01-22
341445,SÃO PAULO,355030811A,SP,AC Santana,"-23,50248","-46,628836",2025-01-22 22:40:00,0.2,4,22,2025-01-22
341446,SÃO PAULO,355030811A,SP,AC Santana,"-23,50248","-46,628836",2025-01-22 22:50:00,0.39,4,22,2025-01-22
341447,SÃO PAULO,355030811A,SP,AC Santana,"-23,50248","-46,628836",2025-01-22 23:00:00,0.2,4,23,2025-01-22
341448,SÃO PAULO,355030811A,SP,AC Santana,"-23,50248","-46,628836",2025-01-22 23:10:00,0.2,4,23,2025-01-22
341449,SÃO PAULO,355030811A,SP,AC Santana,"-23,50248","-46,628836",2025-01-22 23:20:00,0.2,4,23,2025-01-22
341450,SÃO PAULO,355030811A,SP,AC Santana,"-23,50248","-46,628836",2025-01-22 23:30:00,0.2,4,23,2025-01-22
341451,SÃO PAULO,355030811A,SP,AC Santana,"-23,50248","-46,628836",2025-01-22 23:40:00,0.2,4,23,2025-01-22
341452,SÃO PAULO,355030811A,SP,AC Santana,"-23,50248","-46,628836",2025-01-22 23:50:00,0.2,4,23,2025-01-22
341453,SÃO PAULO,355030811A,SP,AC Santana,"-23,50248","-46,628836",2025-01-23 00:00:00,0.2,4,0,2025-01-23
341454,SÃO PAULO,355030811A,SP,AC Santana,"-23,50248","-46,628836",2025-01-23 00:10:00,0.2,4,0,2025-01-23
341455,SÃO PAULO,355030811A,SP,AC Santana,"-23,50248","-46,628836",2025-01-23 00:30:00,0.2,4,0,2025-01-23
341456,SÃO PAULO,355030811A,SP,AC Santana,"-23,50248","-46,628836",2025-01-23 01:10:00,0.0,4,1,2025-01-23
341457,SÃO PAULO,355030811A,SP,AC Santana,"-23,50248","-46,628836",2025-01-23 02:10:00,0.0,4,2,2025-01-23
341458,SÃO PAULO,355030811A,SP,AC Santana,"-23,50248","-46,628836",2025-01-23 03:10:00,0.0,4,3,2025-01-23
341459,SÃO PAULO,355030811A,SP,AC Santana,"-23,50248","-46,628836",2025-01-23 04:10:00,0.0,4,4,2025-01-23
341460,SÃO PAULO,355030811A,SP,AC Santana,"-23,50248","-46,628836",2025-01-23 05:10:00,0.0,4,5,2025-01-23
341461,SÃO PAULO,355030811A,SP,AC Santana,"-23,50248","-46,628836",2025-01-23 06:10:00,0.0,4,6,2025-01-23
341462,SÃO PAULO,355030811A,SP,AC Santana,"-23,50248","-46,628836",2025-01-23 07:10:00,0.0,4,7,2025-01-23
341463,SÃO PAULO,355030811A,SP,AC Santana,"-23,50248","-46,628836",2025-01-23 08:10:00,0.0,4,8,2025-01-23
341464,SÃO PAULO,355030811A,SP,AC Santana,"-23,50248","-46,628836",2025-01-23 09:10:00,0.0,4,9,2025-01-23
341465,SÃO PAULO,355030811A,SP,AC Santana,"-23,50248","-46,628836",2025-01-23 10:10:00,0.0,4,10,2025-01-23
341466,SÃO PAULO,355030811A,SP,AC Santana,"-23,50248","-46,628836",2025-01-23 11:10:00,0.0,4,11,2025-01-23
341467,SÃO PAULO,355030811A,SP,AC Santana,"-23,50248","-46,628836",2025-01-23 12:10:00,0.0,4,12,2025-01-23
341468,SÃO PAULO,355030811A,SP,AC Santana,"-23,50248","-46,628836",2025-01-23 13:10:00,0.0,4,13,2025-01-23
341469,SÃO PAULO,355030811A,SP,AC Santana,"-23,50248","-46,628836",2025-01-23 14:10:00,0.0,4,14,2025-01-23
341470,SÃO PAULO,355030811A,SP,AC Santana,"-23,50248","-46,628836",2025-01-23 15:10:00,0.0,4,15,2025-01-23
341471,SÃO PAULO,355030811A,SP,AC Santana,"-23,50248","-46,628836",2025-01-23 16:10:00,0.0,4,16,2025-01-23
341472,SÃO PAULO,355030811A,SP,AC Santana,"-23,50248","-46,628836",2025-01-23 17:10:00,0.0,4,17,2025-01-23
341473,SÃO PAULO,355030811A,SP,AC Santana,"-23,50248","-46,628836",2025-01-23 18:10:00,0.0,4,18,2025-01-23
341474,SÃO PAULO,355030811A,SP,AC Santana,"-23,50248","-46,628836",2025-01-23 19:10:00,0.0,4,19,2025-01-23
341475,SÃO PAULO,355030811A,SP,AC Santana,"-23,50248","-46,628836",2025-01-23 20:10:00,0.0,4,20,2025-01-23
341476,SÃO PAULO,355030811A,SP,AC Santana,"-23,50248","-46,628836",2025-01-23 21:10:00,0.0,4,21,2025-01-23
341477,SÃO PAULO,355030811A,SP,AC Santana,"-23,50248","-46,628836",2025-01-23 22:10:00,0.0,4,22,2025-01-23
341478,SÃO PAULO,355030811A,SP,AC Santana,"-23,50248","-46,628836",2025-01-23 23:10:00,0.0,4,23,2025-01-23
341479,SÃO PAULO,355030811A,SP,AC Santana,"-23,50248","-46,628836",2025-01-24 00:10:00,0.0,4,0,2025-01-24
341480,SÃO PAULO,355030811A,SP,AC Santana,"-23,50248","-46,628836",2025-01-24 01:10:00,0.0,4,1,2025-01-24
341481,SÃO PAULO,355030811A,SP,AC Santana,"-23,50248","-46,628836",2025-01-24 02:10:00,0.0,4,2,2025-01-24
341482,SÃO PAULO,355030811A,SP,AC Santana,"-23,50248","-46,628836",2025-01-24 03:10:00,0.0,4,3,2025-01-24
341483,SÃO PAULO,355030811A,SP,AC Santana,"-23,50248","-46,628836",2025-01-24 04:10:00,0.0,4,4,2025-01-24
341484,SÃO PAULO,355030811A,SP,AC Santana,"-23,50248","-46,628836",2025-01-24 05:10:00,0.0,4,5,2025-01-24
341485,SÃO PAULO,355030811A,SP,AC Santana,"-23,50248","-46,628836",2025-01-24 06:10:00,0.0,4,6,2025-01-24
341486,SÃO PAULO,355030811A,SP,AC Santana,"-23,50248","-46,628836",2025-01-24 07:10:00,0.0,4,7,2025-01-24
341487,SÃO PAULO,355030811A,SP,AC Santana,"-23,50248","-46,628836",2025-01-24 08:10:00,0.0,4,8,2025-01-24
341488,SÃO PAULO,355030811A,SP,AC Santana,"-23,50248","-46,628836",2025-01-24 09:10:00,0.0,4,9,2025-01-24
341489,SÃO PAULO,355030811A,SP,AC Santana,"-23,50248","-46,628836",2025-01-24 10:10:00,0.0,4,10,2025-01-24
341490,SÃO PAULO,355030811A,SP,AC Santana,"-23,50248","-46,628836",2025-01-24 11:10:00,0.0,4,11,2025-01-24
341491,SÃO PAULO,355030811A,SP,AC Santana,"-23,50248","-46,628836",2025-01-24 12:10:00,0.0,4,12,2025-01-24
341492,SÃO PAULO,355030811A,SP,AC Santana,"-23,50248","-46,628836",2025-01-24 13:10:00,0.0,4,13,2025-01-24
341493,SÃO PAULO,355030811A,SP,AC Santana,"-23,50248","-46,628836",2025-01-24 14:10:00,0.0,4,14,2025-01-24
341494,SÃO PAULO,355030811A,SP,AC Santana,"-23,50248","-46,628836",2025-01-24 15:10:00,0.0,4,15,2025-01-24
341495,SÃO PAULO,355030811A,SP,AC Santana,"-23,50248","-46,628836",2025-01-24 16:10:00,0.0,4,16,2025-01-24
341496,SÃO PAULO,355030811A,SP,AC Santana,"-23,50248","-46,628836",2025-01-24 17:10:00,0.0,4,17,2025-01-24
341497,SÃO PAULO,355030811A,SP,AC Santana,"-23,50248","-46,628836",2025-01-24 18:10:00,0.0,4,18,2025-01-24
341498,SÃO PAULO,355030811A,SP,AC Santana,"-23,50248","-46,628836",2025-01-24 18:30:00,1.77,4,18,2025-01-24
341499,SÃO PAULO,355030811A,SP,AC Santana,"-23,50248","-46,628836",2025-01-24 18:40:00,1.57,4,18,2025-01-24
341500,SÃO PAULO,355030811A,SP,AC Santana,"-23,50248","-46,628836",2025-01-24 18:50:00,1.57,4,18,2025-01-24
341501,SÃO PAULO,355030811A,SP,AC Santana,"-23,50248","-46,628836",2025-01-24 19:00:00,1.18,4,19,2025-01-24
341502,SÃO PAULO,355030811A,SP,AC Santana,"-23,50248","-46,628836",2025-01-24 19:10:00,0.98,4,19,2025-01-24
341503,SÃO PAULO,355030811A,SP,AC Santana,"-23,50248","-46,628836",2025-01-24 19:20:00,0.79,4,19,2025-01-24
341504,SÃO PAULO,355030811A,SP,AC Santana,"-23,50248","-46,628836",2025-01-24 19:30:00,0.79,4,19,2025-01-24
341505,SÃO PAULO,355030811A,SP,AC Santana,"-23,50248","-46,628836",2025-01-24 19:40:00,0.39,4,19,2025-01-24
341506,SÃO PAULO,355030811A,SP,AC Santana,"-23,50248","-46,628836",2025-01-24 19:50:00,0.39,4,19,2025-01-24
341507,SÃO PAULO,355030811A,SP,AC Santana,"-23,50248","-46,628836",2025-01-24 20:00:00,0.59,4,20,2025-01-24
341508,SÃO PAULO,355030811A,SP,AC Santana,"-23,50248","-46,628836",2025-01-24 20:10:00,0.2,4,20,2025-01-24
341509,SÃO PAULO,355030811A,SP,AC Santana,"-23,50248","-46,628836",2025-01-24 20:20:00,0.39,4,20,2025-01-24
341510,SÃO PAULO,355030811A,SP,AC Santana,"-23,50248","-46,628836",2025-01-24 20:30:00,0.39,4,20,2025-01-24
341511,SÃO PAULO,355030811A,SP,AC Santana,"-23,50248","-46,628836",2025-01-24 20:40:00,0.39,4,20,2025-01-24
341512,SÃO PAULO,355030811A,SP,AC Santana,"-23,50248","-46,628836",2025-01-24 20:50:00,0.2,4,20,2025-01-24
341513,SÃO PAULO,355030811A,SP,AC Santana,"-23,50248","-46,628836",2025-01-24 21:00:00,0.39,4,21,2025-01-24
341514,SÃO PAULO,355030811A,SP,AC Santana,"-23,50248","-46,628836",2025-01-24 21:10:00,0.39,4,21,2025-01-24
341515,SÃO PAULO,355030811A,SP,AC Santana,"-23,50248","-46,628836",2025-01-24 21:20:00,0.39,4,21,2025-01-24
341516,SÃO PAULO,355030811A,SP,AC Santana,"-23,50248","-46,628836",2025-01-24 21:30:00,0.39,4,21,2025-01-24
341517,SÃO PAULO,355030811A,SP,AC Santana,"-23,50248","-46,628836",2025-01-24 21:40:00,0.2,4,21,2025-01-24
341518,SÃO PAULO,355030811A,SP,AC Santana,"-23,50248","-46,628836",2025-01-24 21:50:00,0.39,4,21,2025-01-24
341519,SÃO PAULO,355030811A,SP,AC Santana,"-23,50248","-46,628836",2025-01-24 22:00:00,0.2,4,22,2025-01-24
341520,SÃO PAULO,355030811A,SP,AC Santana,"-23,50248","-46,628836",2025-01-24 22:10:00,0.2,4,22,2025-01-24
341521,SÃO PAULO,355030811A,SP,AC Santana,"-23,50248","-46,628836",2025-01-24 22:20:00,0.2,4,22,2025-01-24
341522,SÃO PAULO,355030811A,SP,AC Santana,"-23,50248","-46,628836",2025-01-24 22:30:00,0.39,4,22,2025-01-24
341523,SÃO PAULO,355030811A,SP,AC Santana,"-23,50248","-46,628836",2025-01-24 22:40:00,0.2,4,22,2025-01-24
341524,SÃO PAULO,355030811A,SP,AC Santana,"-23,50248","-46,628836",2025-01-24 22:50:00,0.39,4,22,2025-01-24
341525,SÃO PAULO,355030811A,SP,AC Santana,"-23,50248","-46,628836",2025-01-24 23:00:00,0.2,4,23,2025-01-24
341526,SÃO PAULO,355030811A,SP,AC Santana,"-23,50248","-46,628836",2025-01-24 23:10:00,0.2,4,23,2025-01-24
341527,SÃO PAULO,355030811A,SP,AC Santana,"-23,50248","-46,628836",2025-01-24 23:20:00,0.2,4,23,2025-01-24
341528,SÃO PAULO,355030811A,SP,AC Santana,"-23,50248","-46,628836",2025-01-24 23:30:00,0.2,4,23,2025-01-24
341529,SÃO PAULO,355030811A,SP,AC Santana,"-23,50248","-46,628836",2025-01-24 23:40:00,0.2,4,23,2025-01-24
341530,SÃO PAULO,355030811A,SP,AC Santana,"-23,50248","-46,628836",2025-01-24 23:50:00,0.2,4,23,2025-01-24
341531,SÃO PAULO,355030811A,SP,AC Santana,"-23,50248","-46,628836",2025-01-25 00:00:00,0.2,4,0,2025-01-25
341532,SÃO PAULO,355030811A,SP,AC Santana,"-23,50248","-46,628836",2025-01-25 00:10:00,0.2,4,0,2025-01-25
341533,SÃO PAULO,355030811A,SP,AC Santana,"-23,50248","-46,628836",2025-01-25 00:20:00,0.2,4,0,2025-01-25
341534,SÃO PAULO,355030811A,SP,AC Santana,"-23,50248","-46,628836",2025-01-25 00:30:00,0.2,4,0,2025-01-25
341535,SÃO PAULO,355030811A,SP,AC Santana,"-23,50248","-46,628836",2025-01-25 00:40:00,0.2,4,0,2025-01-25
341536,SÃO PAULO,355030811A,SP,AC Santana,"-23,50248","-46,628836",2025-01-25 00:50:00,0.2,4,0,2025-01-25
341537,SÃO PAULO,355030811A,SP,AC Santana,"-23,50248","-46,628836",2025-01-25 01:00:00,0.2,4,1,2025-01-25
341538,SÃO PAULO,355030811A,SP,AC Santana,"-23,50248","-46,628836",2025-01-25 01:10:00,0.0,4,1,2025-01-25
341539,SÃO PAULO,355030811A,SP,AC Santana,"-23,50248","-46,628836",2025-01-25 01:20:00,0.2,4,1,2025-01-25
341540,SÃO PAULO,355030811A,SP,AC Santana,"-23,50248","-46,628836",2025-01-25 01:30:00,0.2,4,1,2025-01-25
341541,SÃO PAULO,355030811A,SP,AC Santana,"-23,50248","-46,628836",2025-01-25 01:40:00,0.2,4,1,2025-01-25
341542,SÃO PAULO,355030811A,SP,AC Santana,"-23,50248","-46,628836",2025-01-25 02:00:00,0.2,4,2,2025-01-25
341543,SÃO PAULO,355030811A,SP,AC Santana,"-23,50248","-46,628836",2025-01-25 02:10:00,0.2,4,2,2025-01-25
341544,SÃO PAULO,355030811A,SP,AC Santana,"-23,50248","-46,628836",2025-01-25 02:20:00,0.2,4,2,2025-01-25
341545,SÃO PAULO,355030811A,SP,AC Santana,"-23,50248","-46,628836",2025-01-25 02:50:00,0.2,4,2,2025-01-25
341546,SÃO PAULO,355030811A,SP,AC Santana,"-23,50248","-46,628836",2025-01-25 03:00:00,0.2,4,3,2025-01-25
341547,SÃO PAULO,355030811A,SP,AC Santana,"-23,50248","-46,628836",2025-01-25 03:10:00,0.2,4,3,2025-01-25
341548,SÃO PAULO,355030811A,SP,AC Santana,"-23,50248","-46,628836",2025-01-25 03:30:00,0.2,4,3,2025-01-25
341549,SÃO PAULO,355030811A,SP,AC Santana,"-23,50248","-46,628836",2025-01-25 03:40:00,0.2,4,3,2025-01-25
341550,SÃO PAULO,355030811A,SP,AC Santana,"-23,50248","-46,628836",2025-01-25 03:50:00,0.2,4,3,2025-01-25
341551,SÃO PAULO,355030811A,SP,AC Santana,"-23,50248","-46,628836",2025-01-25 04:10:00,0.2,4,4,2025-01-25
341552,SÃO PAULO,355030811A,SP,AC Santana,"-23,50248","-46,628836",2025-01-25 04:30:00,0.2,4,4,2025-01-25
341553,SÃO PAULO,355030811A,SP,AC Santana,"-23,50248","-46,628836",2025-01-25 04:50:00,0.2,4,4,2025-01-25
341554,SÃO PAULO,355030811A,SP,AC Santana,"-23,50248","-46,628836",2025-01-25 05:00:00,0.2,4,5,2025-01-25
341555,SÃO PAULO,355030811A,SP,AC Santana,"-23,50248","-46,628836",2025-01-25 05:10:00,0.0,4,5,2025-01-25
341556,SÃO PAULO,355030811A,SP,AC Santana,"-23,50248","-46,628836",2025-01-25 05:20:00,0.2,4,5,2025-01-25
341557,SÃO PAULO,355030811A,SP,AC Santana,"-23,50248","-46,628836",2025-01-25 05:40:00,0.2,4,5,2025-01-25
341558,SÃO PAULO,355030811A,SP,AC Santana,"-23,50248","-46,628836",2025-01-25 06:10:00,0.2,4,6,2025-01-25
341559,SÃO PAULO,355030811A,SP,AC Santana,"-23,50248","-46,628836",2025-01-25 06:30:00,0.2,4,6,2025-01-25
341560,SÃO PAULO,355030811A,SP,AC Santana,"-23,50248","-46,628836",2025-01-25 06:50:00,0.2,4,6,2025-01-25
341561,SÃO PAULO,355030811A,SP,AC Santana,"-23,50248","-46,628836",2025-01-25 07:10:00,0.2,4,7,2025-01-25
341562,SÃO PAULO,355030811A,SP,AC Santana,"-23,50248","-46,628836",2025-01-25 07:20:00,0.2,4,7,2025-01-25
341563,SÃO PAULO,355030811A,SP,AC Santana,"-23,50248","-46,628836",2025-01-25 07:30:00,0.2,4,7,2025-01-25
341564,SÃO PAULO,355030811A,SP,AC Santana,"-23,50248","-46,628836",2025-01-25 07:50:00,0.2,4,7,2025-01-25
341565,SÃO PAULO,355030811A,SP,AC Santana,"-23,50248","-46,628836",2025-01-25 08:00:00,0.2,4,8,2025-01-25
341566,SÃO PAULO,355030811A,SP,AC Santana,"-23,50248","-46,628836",2025-01-25 08:10:00,0.2,4,8,2025-01-25
341567,SÃO PAULO,355030811A,SP,AC Santana,"-23,50248","-46,628836",2025-01-25 08:20:00,0.2,4,8,2025-01-25
341568,SÃO PAULO,355030811A,SP,AC Santana,"-23,50248","-46,628836",2025-01-25 08:30:00,0.2,4,8,2025-01-25
341569,SÃO PAULO,355030811A,SP,AC Santana,"-23,50248","-46,628836",2025-01-25 08:40:00,0.39,4,8,2025-01-25
341570,SÃO PAULO,355030811A,SP,AC Santana,"-23,50248","-46,628836",2025-01-25 08:50:00,0.2,4,8,2025-01-25
341571,SÃO PAULO,355030811A,SP,AC Santana,"-23,50248","-46,628836",2025-01-25 09:00:00,0.2,4,9,2025-01-25
341572,SÃO PAULO,355030811A,SP,AC Santana,"-23,50248","-46,628836",2025-01-25 09:10:00,0.2,4,9,2025-01-25
341573,SÃO PAULO,355030811A,SP,AC Santana,"-23,50248","-46,628836",2025-01-25 09:20:00,0.2,4,9,2025-01-25
341574,SÃO PAULO,355030811A,SP,AC Santana,"-23,50248","-46,628836",2025-01-25 09:30:00,0.2,4,9,2025-01-25
341575,SÃO PAULO,355030811A,SP,AC Santana,"-23,50248","-46,628836",2025-01-25 09:40:00,0.2,4,9,2025-01-25
341576,SÃO PAULO,355030811A,SP,AC Santana,"-23,50248","-46,628836",2025-01-25 09:50:00,0.2,4,9,2025-01-25
341577,SÃO PAULO,355030811A,SP,AC Santana,"-23,50248","-46,628836",2025-01-25 10:10:00,0.2,4,10,2025-01-25
341578,SÃO PAULO,355030811A,SP,AC Santana,"-23,50248","-46,628836",2025-01-25 10:20:00,0.2,4,10,2025-01-25
341579,SÃO PAULO,355030811A,SP,AC Santana,"-23,50248","-46,628836",2025-01-25 10:30:00,0.2,4,10,2025-01-25
341580,SÃO PAULO,355030811A,SP,AC Santana,"-23,50248","-46,628836",2025-01-25 10:40:00,0.2,4,10,2025-01-25
341581,SÃO PAULO,355030811A,SP,AC Santana,"-23,50248","-46,628836",2025-01-25 10:50:00,0.2,4,10,2025-01-25
341582,SÃO PAULO,355030811A,SP,AC Santana,"-23,50248","-46,628836",2025-01-25 11:10:00,0.2,4,11,2025-01-25
341583,SÃO PAULO,355030811A,SP,AC Santana,"-23,50248","-46,628836",2025-01-25 11:20:00,0.2,4,11,2025-01-25
341584,SÃO PAULO,355030811A,SP,AC Santana,"-23,50248","-46,628836",2025-01-25 11:40:00,0.2,4,11,2025-01-25
341585,SÃO PAULO,355030811A,SP,AC Santana,"-23,50248","-46,628836",2025-01-25 11:50:00,0.2,4,11,2025-01-25
341586,SÃO PAULO,355030811A,SP,AC Santana,"-23,50248","-46,628836",2025-01-25 12:00:00,0.2,4,12,2025-01-25
341587,SÃO PAULO,355030811A,SP,AC Santana,"-23,50248","-46,628836",2025-01-25 12:10:00,0.0,4,12,2025-01-25
341588,SÃO PAULO,355030811A,SP,AC Santana,"-23,50248","-46,628836",2025-01-25 12:40:00,0.2,4,12,2025-01-25
341589,SÃO PAULO,355030811A,SP,AC Santana,"-23,50248","-46,628836",2025-01-25 13:10:00,0.2,4,13,2025-01-25
341590,SÃO PAULO,355030811A,SP,AC Santana,"-23,50248","-46,628836",2025-01-25 13:40:00,0.2,4,13,2025-01-25
341591,SÃO PAULO,355030811A,SP,AC Santana,"-23,50248","-46,628836",2025-01-25 14:10:00,0.0,4,14,2025-01-25
341592,SÃO PAULO,355030811A,SP,AC Santana,"-23,50248","-46,628836",2025-01-25 14:20:00,0.2,4,14,2025-01-25
341593,SÃO PAULO,355030811A,SP,AC Santana,"-23,50248","-46,628836",2025-01-25 14:50:00,0.2,4,14,2025-01-25
341594,SÃO PAULO,355030811A,SP,AC Santana,"-23,50248","-46,628836",2025-01-25 15:10:00,0.0,4,15,2025-01-25
341595,SÃO PAULO,355030811A,SP,AC Santana,"-23,50248","-46,628836",2025-01-25 15:30:00,0.2,4,15,2025-01-25
341596,SÃO PAULO,355030811A,SP,AC Santana,"-23,50248","-46,628836",2025-01-25 16:00:00,0.2,4,16,2025-01-25
341597,SÃO PAULO,355030811A,SP,AC Santana,"-23,50248","-46,628836",2025-01-25 16:10:00,0.0,4,16,2025-01-25
341598,SÃO PAULO,355030811A,SP,AC Santana,"-23,50248","-46,628836",2025-01-25 16:40:00,0.2,4,16,2025-01-25
341599,SÃO PAULO,355030811A,SP,AC Santana,"-23,50248","-46,628836",2025-01-25 17:10:00,0.2,4,17,2025-01-25
341600,SÃO PAULO,355030811A,SP,AC Santana,"-23,50248","-46,628836",2025-01-25 17:40:00,0.2,4,17,2025-01-25
341601,SÃO PAULO,355030811A,SP,AC Santana,"-23,50248","-46,628836",2025-01-25 18:10:00,0.0,4,18,2025-01-25
341602,SÃO PAULO,355030811A,SP,AC Santana,"-23,50248","-46,628836",2025-01-25 18:20:00,0.2,4,18,2025-01-25
341603,SÃO PAULO,355030811A,SP,AC Santana,"-23,50248","-46,628836",2025-01-25 19:00:00,0.2,4,19,2025-01-25
341604,SÃO PAULO,355030811A,SP,AC Santana,"-23,50248","-46,628836",2025-01-25 19:10:00,0.0,4,19,2025-01-25
341605,SÃO PAULO,355030811A,SP,AC Santana,"-23,50248","-46,628836",2025-01-25 19:30:00,0.2,4,19,2025-01-25
341606,SÃO PAULO,355030811A,SP,AC Santana,"-23,50248","-46,628836",2025-01-25 19:50:00,0.2,4,19,2025-01-25
341607,SÃO PAULO,355030811A,SP,AC Santana,"-23,50248","-46,628836",2025-01-25 20:20:00,0.2,4,20,2025-01-25
341608,SÃO PAULO,355030811A,SP,AC Santana,"-23,50248","-46,628836",2025-01-25 20:40:00,0.2,4,20,2025-01-25
341609,SÃO PAULO,355030811A,SP,AC Santana,"-23,50248","-46,628836",2025-01-25 21:00:00,0.2,4,21,2025-01-25
341610,SÃO PAULO,355030811A,SP,AC Santana,"-23,50248","-46,628836",2025-01-25 21:20:00,0.2,4,21,2025-01-25
341611,SÃO PAULO,355030811A,SP,AC Santana,"-23,50248","-46,628836",2025-01-25 21:30:00,0.2,4,21,2025-01-25
341612,SÃO PAULO,355030811A,SP,AC Santana,"-23,50248","-46,628836",2025-01-25 21:40:00,0.2,4,21,2025-01-25
341613,SÃO PAULO,355030811A,SP,AC Santana,"-23,50248","-46,628836",2025-01-25 21:50:00,0.2,4,21,2025-01-25
341614,SÃO PAULO,355030811A,SP,AC Santana,"-23,50248","-46,628836",2025-01-25 22:00:00,0.2,4,22,2025-01-25
341615,SÃO PAULO,355030811A,SP,AC Santana,"-23,50248","-46,628836",2025-01-25 22:10:00,0.2,4,22,2025-01-25
341616,SÃO PAULO,355030811A,SP,AC Santana,"-23,50248","-46,628836",2025-01-25 22:20:00,0.2,4,22,2025-01-25
341617,SÃO PAULO,355030811A,SP,AC Santana,"-23,50248","-46,628836",2025-01-25 22:40:00,0.2,4,22,2025-01-25
341618,SÃO PAULO,355030811A,SP,AC Santana,"-23,50248","-46,628836",2025-01-25 23:00:00,0.2,4,23,2025-01-25
341619,SÃO PAULO,355030811A,SP,AC Santana,"-23,50248","-46,628836",2025-01-25 23:10:00,0.2,4,23,2025-01-25
341620,SÃO PAULO,355030811A,SP,AC Santana,"-23,50248","-46,628836",2025-01-25 23:30:00,0.2,4,23,2025-01-25
341621,SÃO PAULO,355030811A,SP,AC Santana,"-23,50248","-46,628836",2025-01-25 23:50:00,0.2,4,23,2025-01-25
341622,SÃO PAULO,355030811A,SP,AC Santana,"-23,50248","-46,628836",2025-01-26 00:30:00,0.2,4,0,2025-01-26
341623,SÃO PAULO,355030811A,SP,AC Santana,"-23,50248","-46,628836",2025-01-26 00:40:00,0.2,4,0,2025-01-26
341624,SÃO PAULO,355030811A,SP,AC Santana,"-23,50248","-46,628836",2025-01-26 00:50:00,0.2,4,0,2025-01-26
341625,SÃO PAULO,355030811A,SP,AC Santana,"-23,50248","-46,628836",2025-01-26 01:10:00,0.2,4,1,2025-01-26
341626,SÃO PAULO,355030811A,SP,AC Santana,"-23,50248","-46,628836",2025-01-26 01:20:00,0.2,4,1,2025-01-26
341627,SÃO PAULO,355030811A,SP,AC Santana,"-23,50248","-46,628836",2025-01-26 01:40:00,0.2,4,1,2025-01-26
341628,SÃO PAULO,355030811A,SP,AC Santana,"-23,50248","-46,628836",2025-01-26 01:50:00,0.2,4,1,2025-01-26
341629,SÃO PAULO,355030811A,SP,AC Santana,"-23,50248","-46,628836",2025-01-26 02:10:00,0.2,4,2,2025-01-26
341630,SÃO PAULO,355030811A,SP,AC Santana,"-23,50248","-46,628836",2025-01-26 02:30:00,0.2,4,2,2025-01-26
341631,SÃO PAULO,355030811A,SP,AC Santana,"-23,50248","-46,628836",2025-01-26 02:40:00,0.2,4,2,2025-01-26
341632,SÃO PAULO,355030811A,SP,AC Santana,"-23,50248","-46,628836",2025-01-26 03:00:00,0.2,4,3,2025-01-26
341633,SÃO PAULO,355030811A,SP,AC Santana,"-23,50248","-46,628836",2025-01-26 03:10:00,0.0,4,3,2025-01-26
341634,SÃO PAULO,355030811A,SP,AC Santana,"-23,50248","-46,628836",2025-01-26 03:20:00,0.2,4,3,2025-01-26
341635,SÃO PAULO,355030811A,SP,AC Santana,"-23,50248","-46,628836",2025-01-26 03:40:00,0.2,4,3,2025-01-26
341636,SÃO PAULO,355030811A,SP,AC Santana,"-23,50248","-46,628836",2025-01-26 04:00:00,0.2,4,4,2025-01-26
341637,SÃO PAULO,355030811A,SP,AC Santana,"-23,50248","-46,628836",2025-01-26 04:20:00,0.2,4,4,2025-01-26
341638,SÃO PAULO,355030811A,SP,AC Santana,"-23,50248","-46,628836",2025-01-26 04:30:00,0.2,4,4,2025-01-26
341639,SÃO PAULO,355030811A,SP,AC Santana,"-23,50248","-46,628836",2025-01-26 04:50:00,0.2,4,4,2025-01-26
341640,SÃO PAULO,355030811A,SP,AC Santana,"-23,50248","-46,628836",2025-01-26 05:00:00,0.2,4,5,2025-01-26
341641,SÃO PAULO,355030811A,SP,AC Santana,"-23,50248","-46,628836",2025-01-26 05:10:00,0.0,4,5,2025-01-26
341642,SÃO PAULO,355030811A,SP,AC Santana,"-23,50248","-46,628836",2025-01-26 05:20:00,0.2,4,5,2025-01-26
341643,SÃO PAULO,355030811A,SP,AC Santana,"-23,50248","-46,628836",2025-01-26 05:40:00,0.2,4,5,2025-01-26
341644,SÃO PAULO,355030811A,SP,AC Santana,"-23,50248","-46,628836",2025-01-26 06:00:00,0.2,4,6,2025-01-26
341645,SÃO PAULO,355030811A,SP,AC Santana,"-23,50248","-46,628836",2025-01-26 06:10:00,0.0,4,6,2025-01-26
341646,SÃO PAULO,355030811A,SP,AC Santana,"-23,50248","-46,628836",2025-01-26 06:20:00,0.2,4,6,2025-01-26
341647,SÃO PAULO,355030811A,SP,AC Santana,"-23,50248","-46,628836",2025-01-26 06:40:00,0.2,4,6,2025-01-26
341648,SÃO PAULO,355030811A,SP,AC Santana,"-23,50248","-46,628836",2025-01-26 06:50:00,0.2,4,6,2025-01-26
341649,SÃO PAULO,355030811A,SP,AC Santana,"-23,50248","-46,628836",2025-01-26 07:10:00,0.2,4,7,2025-01-26
341650,SÃO PAULO,355030811A,SP,AC Santana,"-23,50248","-46,628836",2025-01-26 07:20:00,0.2,4,7,2025-01-26
341651,SÃO PAULO,355030811A,SP,AC Santana,"-23,50248","-46,628836",2025-01-26 07:40:00,0.2,4,7,2025-01-26
341652,SÃO PAULO,355030811A,SP,AC Santana,"-23,50248","-46,628836",2025-01-26 08:00:00,0.2,4,8,2025-01-26
341653,SÃO PAULO,355030811A,SP,AC Santana,"-23,50248","-46,628836",2025-01-26 08:10:00,0.2,4,8,2025-01-26
341654,SÃO PAULO,355030811A,SP,AC Santana,"-23,50248","-46,628836",2025-01-26 08:20:00,0.2,4,8,2025-01-26
341655,SÃO PAULO,355030811A,SP,AC Santana,"-23,50248","-46,628836",2025-01-26 08:40:00,0.2,4,8,2025-01-26
341656,SÃO PAULO,355030811A,SP,AC Santana,"-23,50248","-46,628836",2025-01-26 08:50:00,0.2,4,8,2025-01-26
341657,SÃO PAULO,355030811A,SP,AC Santana,"-23,50248","-46,628836",2025-01-26 09:00:00,0.2,4,9,2025-01-26
341658,SÃO PAULO,355030811A,SP,AC Santana,"-23,50248","-46,628836",2025-01-26 09:10:00,0.2,4,9,2025-01-26
341659,SÃO PAULO,355030811A,SP,AC Santana,"-23,50248","-46,628836",2025-01-26 09:30:00,0.2,4,9,2025-01-26
341660,SÃO PAULO,355030811A,SP,AC Santana,"-23,50248","-46,628836",2025-01-26 09:40:00,0.2,4,9,2025-01-26
341661,SÃO PAULO,355030811A,SP,AC Santana,"-23,50248","-46,628836",2025-01-26 09:50:00,0.2,4,9,2025-01-26
341662,SÃO PAULO,355030811A,SP,AC Santana,"-23,50248","-46,628836",2025-01-26 10:00:00,0.2,4,10,2025-01-26
341663,SÃO PAULO,355030811A,SP,AC Santana,"-23,50248","-46,628836",2025-01-26 10:10:00,0.2,4,10,2025-01-26
341664,SÃO PAULO,355030811A,SP,AC Santana,"-23,50248","-46,628836",2025-01-26 10:20:00,0.2,4,10,2025-01-26
341665,SÃO PAULO,355030811A,SP,AC Santana,"-23,50248","-46,628836",2025-01-26 10:30:00,0.2,4,10,2025-01-26
341666,SÃO PAULO,355030811A,SP,AC Santana,"-23,50248","-46,628836",2025-01-26 10:40:00,0.2,4,10,2025-01-26
341667,SÃO PAULO,355030811A,SP,AC Santana,"-23,50248","-46,628836",2025-01-26 10:50:00,0.2,4,10,2025-01-26
341668,SÃO PAULO,355030811A,SP,AC Santana,"-23,50248","-46,628836",2025-01-26 11:00:00,0.2,4,11,2025-01-26
341669,SÃO PAULO,355030811A,SP,AC Santana,"-23,50248","-46,628836",2025-01-26 11:10:00,0.2,4,11,2025-01-26
341670,SÃO PAULO,355030811A,SP,AC Santana,"-23,50248","-46,628836",2025-01-26 11:20:00,0.2,4,11,2025-01-26
341671,SÃO PAULO,355030811A,SP,AC Santana,"-23,50248","-46,628836",2025-01-26 11:30:00,0.2,4,11,2025-01-26
341672,SÃO PAULO,355030811A,SP,AC Santana,"-23,50248","-46,628836",2025-01-26 11:50:00,0.2,4,11,2025-01-26
341673,SÃO PAULO,355030811A,SP,AC Santana,"-23,50248","-46,628836",2025-01-26 12:00:00,0.2,4,12,2025-01-26
341674,SÃO PAULO,355030811A,SP,AC Santana,"-23,50248","-46,628836",2025-01-26 12:10:00,0.2,4,12,2025-01-26
341675,SÃO PAULO,355030811A,SP,AC Santana,"-23,50248","-46,628836",2025-01-26 12:20:00,0.2,4,12,2025-01-26
341676,SÃO PAULO,355030811A,SP,AC Santana,"-23,50248","-46,628836",2025-01-26 12:30:00,0.2,4,12,2025-01-26
341677,SÃO PAULO,355030811A,SP,AC Santana,"-23,50248","-46,628836",2025-01-26 12:40:00,0.2,4,12,2025-01-26
341678,SÃO PAULO,355030811A,SP,AC Santana,"-23,50248","-46,628836",2025-01-26 12:50:00,0.2,4,12,2025-01-26
341679,SÃO PAULO,355030811A,SP,AC Santana,"-23,50248","-46,628836",2025-01-26 13:00:00,0.2,4,13,2025-01-26
341680,SÃO PAULO,355030811A,SP,AC Santana,"-23,50248","-46,628836",2025-01-26 13:10:00,0.2,4,13,2025-01-26
341681,SÃO PAULO,355030811A,SP,AC Santana,"-23,50248","-46,628836",2025-01-26 13:20:00,0.2,4,13,2025-01-26
341682,SÃO PAULO,355030811A,SP,AC Santana,"-23,50248","-46,628836",2025-01-26 13:30:00,0.2,4,13,2025-01-26
341683,SÃO PAULO,355030811A,SP,AC Santana,"-23,50248","-46,628836",2025-01-26 13:50:00,0.2,4,13,2025-01-26
341684,SÃO PAULO,355030811A,SP,AC Santana,"-23,50248","-46,628836",2025-01-26 14:00:00,0.2,4,14,2025-01-26
341685,SÃO PAULO,355030811A,SP,AC Santana,"-23,50248","-46,628836",2025-01-26 14:10:00,0.0,4,14,2025-01-26
341686,SÃO PAULO,355030811A,SP,AC Santana,"-23,50248","-46,628836",2025-01-26 14:20:00,0.2,4,14,2025-01-26
341687,SÃO PAULO,355030811A,SP,AC Santana,"-23,50248","-46,628836",2025-01-26 14:30:00,0.2,4,14,2025-01-26
341688,SÃO PAULO,355030811A,SP,AC Santana,"-23,50248","-46,628836",2025-01-26 14:50:00,0.2,4,14,2025-01-26
341689,SÃO PAULO,355030811A,SP,AC Santana,"-23,50248","-46,628836",2025-01-26 15:00:00,0.2,4,15,2025-01-26
341690,SÃO PAULO,355030811A,SP,AC Santana,"-23,50248","-46,628836",2025-01-26 15:10:00,0.0,4,15,2025-01-26
341691,SÃO PAULO,355030811A,SP,AC Santana,"-23,50248","-46,628836",2025-01-26 15:20:00,0.2,4,15,2025-01-26
341692,SÃO PAULO,355030811A,SP,AC Santana,"-23,50248","-46,628836",2025-01-26 15:30:00,0.2,4,15,2025-01-26
341693,SÃO PAULO,355030811A,SP,AC Santana,"-23,50248","-46,628836",2025-01-26 15:40:00,0.2,4,15,2025-01-26
341694,SÃO PAULO,355030811A,SP,AC Santana,"-23,50248","-46,628836",2025-01-26 16:00:00,0.2,4,16,2025-01-26
341695,SÃO PAULO,355030811A,SP,AC Santana,"-23,50248","-46,628836",2025-01-26 16:10:00,0.2,4,16,2025-01-26
341696,SÃO PAULO,355030811A,SP,AC Santana,"-23,50248","-46,628836",2025-01-26 16:20:00,0.2,4,16,2025-01-26
341697,SÃO PAULO,355030811A,SP,AC Santana,"-23,50248","-46,628836",2025-01-26 16:40:00,0.2,4,16,2025-01-26
341698,SÃO PAULO,355030811A,SP,AC Santana,"-23,50248","-46,628836",2025-01-26 16:50:00,0.2,4,16,2025-01-26
341699,SÃO PAULO,355030811A,SP,AC Santana,"-23,50248","-46,628836",2025-01-26 17:10:00,0.2,4,17,2025-01-26
341700,SÃO PAULO,355030811A,SP,AC Santana,"-23,50248","-46,628836",2025-01-26 17:30:00,0.2,4,17,2025-01-26
341701,SÃO PAULO,355030811A,SP,AC Santana,"-23,50248","-46,628836",2025-01-26 17:50:00,0.2,4,17,2025-01-26
341702,SÃO PAULO,355030811A,SP,AC Santana,"-23,50248","-46,628836",2025-01-26 18:10:00,0.2,4,18,2025-01-26
341703,SÃO PAULO,355030811A,SP,AC Santana,"-23,50248","-46,628836",2025-01-26 18:40:00,0.2,4,18,2025-01-26
341704,SÃO PAULO,355030811A,SP,AC Santana,"-23,50248","-46,628836",2025-01-26 19:00:00,0.2,4,19,2025-01-26
341705,SÃO PAULO,355030811A,SP,AC Santana,"-23,50248","-46,628836",2025-01-26 19:10:00,0.0,4,19,2025-01-26
341706,SÃO PAULO,355030811A,SP,AC Santana,"-23,50248","-46,628836",2025-01-26 19:30:00,0.2,4,19,2025-01-26
341707,SÃO PAULO,355030811A,SP,AC Santana,"-23,50248","-46,628836",2025-01-26 19:50:00,0.2,4,19,2025-01-26
341708,SÃO PAULO,355030811A,SP,AC Santana,"-23,50248","-46,628836",2025-01-26 20:00:00,0.2,4,20,2025-01-26
341709,SÃO PAULO,355030811A,SP,AC Santana,"-23,50248","-46,628836",2025-01-26 20:10:00,0.0,4,20,2025-01-26
341710,SÃO PAULO,355030811A,SP,AC Santana,"-23,50248","-46,628836",2025-01-26 20:20:00,0.2,4,20,2025-01-26
341711,SÃO PAULO,355030811A,SP,AC Santana,"-23,50248","-46,628836",2025-01-26 20:40:00,0.2,4,20,2025-01-26
341712,SÃO PAULO,355030811A,SP,AC Santana,"-23,50248","-46,628836",2025-01-26 21:00:00,0.2,4,21,2025-01-26
341713,SÃO PAULO,355030811A,SP,AC Santana,"-23,50248","-46,628836",2025-01-26 21:10:00,0.0,4,21,2025-01-26
341714,SÃO PAULO,355030811A,SP,AC Santana,"-23,50248","-46,628836",2025-01-26 21:20:00,0.2,4,21,2025-01-26
341715,SÃO PAULO,355030811A,SP,AC Santana,"-23,50248","-46,628836",2025-01-26 21:30:00,0.2,4,21,2025-01-26
341716,SÃO PAULO,355030811A,SP,AC Santana,"-23,50248","-46,628836",2025-01-26 21:50:00,0.2,4,21,2025-01-26
341717,SÃO PAULO,355030811A,SP,AC Santana,"-23,50248","-46,628836",2025-01-26 22:00:00,0.2,4,22,2025-01-26
341718,SÃO PAULO,355030811A,SP,AC Santana,"-23,50248","-46,628836",2025-01-26 22:10:00,0.2,4,22,2025-01-26
341719,SÃO PAULO,355030811A,SP,AC Santana,"-23,50248","-46,628836",2025-01-26 22:20:00,0.2,4,22,2025-01-26
341720,SÃO PAULO,355030811A,SP,AC Santana,"-23,50248","-46,628836",2025-01-26 22:40:00,0.2,4,22,2025-01-26
341721,SÃO PAULO,355030811A,SP,AC Santana,"-23,50248","-46,628836",2025-01-26 22:50:00,0.2,4,22,2025-01-26
341722,SÃO PAULO,355030811A,SP,AC Santana,"-23,50248","-46,628836",2025-01-26 23:00:00,0.2,4,23,2025-01-26
341723,SÃO PAULO,355030811A,SP,AC Santana,"-23,50248","-46,628836",2025-01-26 23:10:00,0.0,4,23,2025-01-26
341724,SÃO PAULO,355030811A,SP,AC Santana,"-23,50248","-46,628836",2025-01-26 23:20:00,0.2,4,23,2025-01-26
341725,SÃO PAULO,355030811A,SP,AC Santana,"-23,50248","-46,628836",2025-01-26 23:30:00,0.2,4,23,2025-01-26
341726,SÃO PAULO,355030811A,SP,AC Santana,"-23,50248","-46,628836",2025-01-26 23:40:00,0.2,4,23,2025-01-26
367531,SÃO PAULO,355030854A,SP,Vila Maria,"-23,502","-46,591",2025-01-20 00:10:00,0.0,4,0,2025-01-20
367532,SÃO PAULO,355030854A,SP,Vila Maria,"-23,502","-46,591",2025-01-20 01:10:00,0.0,4,1,2025-01-20
367533,SÃO PAULO,355030854A,SP,Vila Maria,"-23,502","-46,591",2025-01-20 02:10:00,0.0,4,2,2025-01-20
367534,SÃO PAULO,355030854A,SP,Vila Maria,"-23,502","-46,591",2025-01-20 03:10:00,0.0,4,3,2025-01-20
367535,SÃO PAULO,355030854A,SP,Vila Maria,"-23,502","-46,591",2025-01-20 04:10:00,0.0,4,4,2025-01-20
367536,SÃO PAULO,355030854A,SP,Vila Maria,"-23,502","-46,591",2025-01-20 05:10:00,0.0,4,5,2025-01-20
367537,SÃO PAULO,355030854A,SP,Vila Maria,"-23,502","-46,591",2025-01-20 06:10:00,0.0,4,6,2025-01-20
367538,SÃO PAULO,355030854A,SP,Vila Maria,"-23,502","-46,591",2025-01-20 07:10:00,0.0,4,7,2025-01-20
367539,SÃO PAULO,355030854A,SP,Vila Maria,"-23,502","-46,591",2025-01-20 08:10:00,0.0,4,8,2025-01-20
367540,SÃO PAULO,355030854A,SP,Vila Maria,"-23,502","-46,591",2025-01-20 09:10:00,0.0,4,9,2025-01-20
367541,SÃO PAULO,355030854A,SP,Vila Maria,"-23,502","-46,591",2025-01-20 10:10:00,0.0,4,10,2025-01-20
367542,SÃO PAULO,355030854A,SP,Vila Maria,"-23,502","-46,591",2025-01-20 11:10:00,0.0,4,11,2025-01-20
367543,SÃO PAULO,355030854A,SP,Vila Maria,"-23,502","-46,591",2025-01-20 12:10:00,0.0,4,12,2025-01-20
367544,SÃO PAULO,355030854A,SP,Vila Maria,"-23,502","-46,591",2025-01-20 13:10:00,0.0,4,13,2025-01-20
367545,SÃO PAULO,355030854A,SP,Vila Maria,"-23,502","-46,591",2025-01-20 14:10:00,0.0,4,14,2025-01-20
367546,SÃO PAULO,355030854A,SP,Vila Maria,"-23,502","-46,591",2025-01-20 15:10:00,0.0,4,15,2025-01-20
367547,SÃO PAULO,355030854A,SP,Vila Maria,"-23,502","-46,591",2025-01-20 16:10:00,0.0,4,16,2025-01-20
367548,SÃO PAULO,355030854A,SP,Vila Maria,"-23,502","-46,591",2025-01-20 17:10:00,0.0,4,17,2025-01-20
367549,SÃO PAULO,355030854A,SP,Vila Maria,"-23,502","-46,591",2025-01-20 18:10:00,0.0,4,18,2025-01-20
367550,SÃO PAULO,355030854A,SP,Vila Maria,"-23,502","-46,591",2025-01-20 19:10:00,0.0,4,19,2025-01-20
367551,SÃO PAULO,355030854A,SP,Vila Maria,"-23,502","-46,591",2025-01-20 20:10:00,0.0,4,20,2025-01-20
367552,SÃO PAULO,355030854A,SP,Vila Maria,"-23,502","-46,591",2025-01-20 21:10:00,0.0,4,21,2025-01-20
367553,SÃO PAULO,355030854A,SP,Vila Maria,"-23,502","-46,591",2025-01-20 22:10:00,0.0,4,22,2025-01-20
367554,SÃO PAULO,355030854A,SP,Vila Maria,"-23,502","-46,591",2025-01-20 23:10:00,0.0,4,23,2025-01-20
367555,SÃO PAULO,355030854A,SP,Vila Maria,"-23,502","-46,591",2025-01-21 00:10:00,0.0,4,0,2025-01-21
367556,SÃO PAULO,355030854A,SP,Vila Maria,"-23,502","-46,591",2025-01-21 01:10:00,0.0,4,1,2025-01-21
367557,SÃO PAULO,355030854A,SP,Vila Maria,"-23,502","-46,591",2025-01-21 02:10:00,0.0,4,2,2025-01-21
367558,SÃO PAULO,355030854A,SP,Vila Maria,"-23,502","-46,591",2025-01-21 03:10:00,0.0,4,3,2025-01-21
367559,SÃO PAULO,355030854A,SP,Vila Maria,"-23,502","-46,591",2025-01-21 04:10:00,0.0,4,4,2025-01-21
367560,SÃO PAULO,355030854A,SP,Vila Maria,"-23,502","-46,591",2025-01-21 05:10:00,0.0,4,5,2025-01-21
367561,SÃO PAULO,355030854A,SP,Vila Maria,"-23,502","-46,591",2025-01-21 06:10:00,0.0,4,6,2025-01-21
367562,SÃO PAULO,355030854A,SP,Vila Maria,"-23,502","-46,591",2025-01-21 07:10:00,0.0,4,7,2025-01-21
367563,SÃO PAULO,355030854A,SP,Vila Maria,"-23,502","-46,591",2025-01-21 08:10:00,0.0,4,8,2025-01-21
367564,SÃO PAULO,355030854A,SP,Vila Maria,"-23,502","-46,591",2025-01-21 09:10:00,0.0,4,9,2025-01-21
367565,SÃO PAULO,355030854A,SP,Vila Maria,"-23,502","-46,591",2025-01-21 10:10:00,0.0,4,10,2025-01-21
367566,SÃO PAULO,355030854A,SP,Vila Maria,"-23,502","-46,591",2025-01-21 11:10:00,0.0,4,11,2025-01-21
367567,SÃO PAULO,355030854A,SP,Vila Maria,"-23,502","-46,591",2025-01-21 12:10:00,0.0,4,12,2025-01-21
367568,SÃO PAULO,355030854A,SP,Vila Maria,"-23,502","-46,591",2025-01-21 13:10:00,0.0,4,13,2025-01-21
367569,SÃO PAULO,355030854A,SP,Vila Maria,"-23,502","-46,591",2025-01-21 14:10:00,0.0,4,14,2025-01-21
367570,SÃO PAULO,355030854A,SP,Vila Maria,"-23,502","-46,591",2025-01-21 15:10:00,0.0,4,15,2025-01-21
367571,SÃO PAULO,355030854A,SP,Vila Maria,"-23,502","-46,591",2025-01-21 16:10:00,0.0,4,16,2025-01-21
367572,SÃO PAULO,355030854A,SP,Vila Maria,"-23,502","-46,591",2025-01-21 17:10:00,0.0,4,17,2025-01-21
367573,SÃO PAULO,355030854A,SP,Vila Maria,"-23,502","-46,591",2025-01-21 18:10:00,0.0,4,18,2025-01-21
367574,SÃO PAULO,355030854A,SP,Vila Maria,"-23,502","-46,591",2025-01-21 19:10:00,0.0,4,19,2025-01-21
367575,SÃO PAULO,355030854A,SP,Vila Maria,"-23,502","-46,591",2025-01-21 20:10:00,0.0,4,20,2025-01-21
367576,SÃO PAULO,355030854A,SP,Vila Maria,"-23,502","-46,591",2025-01-21 21:10:00,0.0,4,21,2025-01-21
367577,SÃO PAULO,355030854A,SP,Vila Maria,"-23,502","-46,591",2025-01-21 22:10:00,0.0,4,22,2025-01-21
367578,SÃO PAULO,355030854A,SP,Vila Maria,"-23,502","-46,591",2025-01-21 23:10:00,0.0,4,23,2025-01-21
367579,SÃO PAULO,355030854A,SP,Vila Maria,"-23,502","-46,591",2025-01-22 00:10:00,0.0,4,0,2025-01-22
367580,SÃO PAULO,355030854A,SP,Vila Maria,"-23,502","-46,591",2025-01-22 01:10:00,0.0,4,1,2025-01-22
367581,SÃO PAULO,355030854A,SP,Vila Maria,"-23,502","-46,591",2025-01-22 02:10:00,0.0,4,2,2025-01-22
367582,SÃO PAULO,355030854A,SP,Vila Maria,"-23,502","-46,591",2025-01-22 03:10:00,0.0,4,3,2025-01-22
367583,SÃO PAULO,355030854A,SP,Vila Maria,"-23,502","-46,591",2025-01-22 04:10:00,0.0,4,4,2025-01-22
367584,SÃO PAULO,355030854A,SP,Vila Maria,"-23,502","-46,591",2025-01-22 05:10:00,0.0,4,5,2025-01-22
367585,SÃO PAULO,355030854A,SP,Vila Maria,"-23,502","-46,591",2025-01-22 06:10:00,0.0,4,6,2025-01-22
367586,SÃO PAULO,355030854A,SP,Vila Maria,"-23,502","-46,591",2025-01-22 07:10:00,0.0,4,7,2025-01-22
367587,SÃO PAULO,355030854A,SP,Vila Maria,"-23,502","-46,591",2025-01-22 08:10:00,0.0,4,8,2025-01-22
367588,SÃO PAULO,355030854A,SP,Vila Maria,"-23,502","-46,591",2025-01-22 09:10:00,0.0,4,9,2025-01-22
367589,SÃO PAULO,355030854A,SP,Vila Maria,"-23,502","-46,591",2025-01-22 10:10:00,0.0,4,10,2025-01-22
367590,SÃO PAULO,355030854A,SP,Vila Maria,"-23,502","-46,591",2025-01-22 11:10:00,0.0,4,11,2025-01-22
367591,SÃO PAULO,355030854A,SP,Vila Maria,"-23,502","-46,591",2025-01-22 12:10:00,0.0,4,12,2025-01-22
367592,SÃO PAULO,355030854A,SP,Vila Maria,"-23,502","-46,591",2025-01-22 13:10:00,0.0,4,13,2025-01-22
367593,SÃO PAULO,355030854A,SP,Vila Maria,"-23,502","-46,591",2025-01-22 14:10:00,0.0,4,14,2025-01-22
367594,SÃO PAULO,355030854A,SP,Vila Maria,"-23,502","-46,591",2025-01-22 15:10:00,0.0,4,15,2025-01-22
367595,SÃO PAULO,355030854A,SP,Vila Maria,"-23,502","-46,591",2025-01-22 16:10:00,0.0,4,16,2025-01-22
367596,SÃO PAULO,355030854A,SP,Vila Maria,"-23,502","-46,591",2025-01-22 17:10:00,0.0,4,17,2025-01-22
367597,SÃO PAULO,355030854A,SP,Vila Maria,"-23,502","-46,591",2025-01-22 18:10:00,0.0,4,18,2025-01-22
367598,SÃO PAULO,355030854A,SP,Vila Maria,"-23,502","-46,591",2025-01-22 19:10:00,0.0,4,19,2025-01-22
367599,SÃO PAULO,355030854A,SP,Vila Maria,"-23,502","-46,591",2025-01-22 20:10:00,0.0,4,20,2025-01-22
367600,SÃO PAULO,355030854A,SP,Vila Maria,"-23,502","-46,591",2025-01-22 21:10:00,0.0,4,21,2025-01-22
367601,SÃO PAULO,355030854A,SP,Vila Maria,"-23,502","-46,591",2025-01-22 21:30:00,0.98,4,21,2025-01-22
367602,SÃO PAULO,355030854A,SP,Vila Maria,"-23,502","-46,591",2025-01-22 21:40:00,0.59,4,21,2025-01-22
367603,SÃO PAULO,355030854A,SP,Vila Maria,"-23,502","-46,591",2025-01-22 21:50:00,0.39,4,21,2025-01-22
367604,SÃO PAULO,355030854A,SP,Vila Maria,"-23,502","-46,591",2025-01-22 22:00:00,0.39,4,22,2025-01-22
367605,SÃO PAULO,355030854A,SP,Vila Maria,"-23,502","-46,591",2025-01-22 22:10:00,0.2,4,22,2025-01-22
367606,SÃO PAULO,355030854A,SP,Vila Maria,"-23,502","-46,591",2025-01-22 22:20:00,0.2,4,22,2025-01-22
367607,SÃO PAULO,355030854A,SP,Vila Maria,"-23,502","-46,591",2025-01-22 22:30:00,0.2,4,22,2025-01-22
367608,SÃO PAULO,355030854A,SP,Vila Maria,"-23,502","-46,591",2025-01-22 22:40:00,0.2,4,22,2025-01-22
367609,SÃO PAULO,355030854A,SP,Vila Maria,"-23,502","-46,591",2025-01-22 22:50:00,0.2,4,22,2025-01-22
367610,SÃO PAULO,355030854A,SP,Vila Maria,"-23,502","-46,591",2025-01-22 23:00:00,0.2,4,23,2025-01-22
367611,SÃO PAULO,355030854A,SP,Vila Maria,"-23,502","-46,591",2025-01-22 23:10:00,0.2,4,23,2025-01-22
367612,SÃO PAULO,355030854A,SP,Vila Maria,"-23,502","-46,591",2025-01-22 23:20:00,0.2,4,23,2025-01-22
367613,SÃO PAULO,355030854A,SP,Vila Maria,"-23,502","-46,591",2025-01-22 23:30:00,0.2,4,23,2025-01-22
367614,SÃO PAULO,355030854A,SP,Vila Maria,"-23,502","-46,591",2025-01-22 23:50:00,0.2,4,23,2025-01-22
367615,SÃO PAULO,355030854A,SP,Vila Maria,"-23,502","-46,591",2025-01-23 00:00:00,0.2,4,0,2025-01-23
367616,SÃO PAULO,355030854A,SP,Vila Maria,"-23,502","-46,591",2025-01-23 00:10:00,0.0,4,0,2025-01-23
367617,SÃO PAULO,355030854A,SP,Vila Maria,"-23,502","-46,591",2025-01-23 00:20:00,0.2,4,0,2025-01-23
367618,SÃO PAULO,355030854A,SP,Vila Maria,"-23,502","-46,591",2025-01-23 00:40:00,0.2,4,0,2025-01-23
367619,SÃO PAULO,355030854A,SP,Vila Maria,"-23,502","-46,591",2025-01-23 01:00:00,0.2,4,1,2025-01-23
367620,SÃO PAULO,355030854A,SP,Vila Maria,"-23,502","-46,591",2025-01-23 01:10:00,0.0,4,1,2025-01-23
367621,SÃO PAULO,355030854A,SP,Vila Maria,"-23,502","-46,591",2025-01-23 01:20:00,0.2,4,1,2025-01-23
367622,SÃO PAULO,355030854A,SP,Vila Maria,"-23,502","-46,591",2025-01-23 01:50:00,0.2,4,1,2025-01-23
367623,SÃO PAULO,355030854A,SP,Vila Maria,"-23,502","-46,591",2025-01-23 02:10:00,0.0,4,2,2025-01-23
367624,SÃO PAULO,355030854A,SP,Vila Maria,"-23,502","-46,591",2025-01-23 03:10:00,0.0,4,3,2025-01-23
367625,SÃO PAULO,355030854A,SP,Vila Maria,"-23,502","-46,591",2025-01-23 04:10:00,0.0,4,4,2025-01-23
367626,SÃO PAULO,355030854A,SP,Vila Maria,"-23,502","-46,591",2025-01-23 05:10:00,0.0,4,5,2025-01-23
367627,SÃO PAULO,355030854A,SP,Vila Maria,"-23,502","-46,591",2025-01-23 06:10:00,0.0,4,6,2025-01-23
367628,SÃO PAULO,355030854A,SP,Vila Maria,"-23,502","-46,591",2025-01-23 07:10:00,0.0,4,7,2025-01-23
367629,SÃO PAULO,355030854A,SP,Vila Maria,"-23,502","-46,591",2025-01-23 08:10:00,0.0,4,8,2025-01-23
367630,SÃO PAULO,355030854A,SP,Vila Maria,"-23,502","-46,591",2025-01-23 09:10:00,0.0,4,9,2025-01-23
367631,SÃO PAULO,355030854A,SP,Vila Maria,"-23,502","-46,591",2025-01-23 10:10:00,0.0,4,10,2025-01-23
367632,SÃO PAULO,355030854A,SP,Vila Maria,"-23,502","-46,591",2025-01-23 11:10:00,0.0,4,11,2025-01-23
367633,SÃO PAULO,355030854A,SP,Vila Maria,"-23,502","-46,591",2025-01-23 12:10:00,0.0,4,12,2025-01-23
367634,SÃO PAULO,355030854A,SP,Vila Maria,"-23,502","-46,591",2025-01-23 13:10:00,0.0,4,13,2025-01-23
367635,SÃO PAULO,355030854A,SP,Vila Maria,"-23,502","-46,591",2025-01-23 14:10:00,0.0,4,14,2025-01-23
367636,SÃO PAULO,355030854A,SP,Vila Maria,"-23,502","-46,591",2025-01-23 15:10:00,0.0,4,15,2025-01-23
367637,SÃO PAULO,355030854A,SP,Vila Maria,"-23,502","-46,591",2025-01-23 16:10:00,0.0,4,16,2025-01-23
367638,SÃO PAULO,355030854A,SP,Vila Maria,"-23,502","-46,591",2025-01-23 17:10:00,0.0,4,17,2025-01-23
367639,SÃO PAULO,355030854A,SP,Vila Maria,"-23,502","-46,591",2025-01-23 18:10:00,0.0,4,18,2025-01-23
367640,SÃO PAULO,355030854A,SP,Vila Maria,"-23,502","-46,591",2025-01-23 19:10:00,0.0,4,19,2025-01-23
367641,SÃO PAULO,355030854A,SP,Vila Maria,"-23,502","-46,591",2025-01-23 20:10:00,0.0,4,20,2025-01-23
367642,SÃO PAULO,355030854A,SP,Vila Maria,"-23,502","-46,591",2025-01-23 21:10:00,0.0,4,21,2025-01-23
367643,SÃO PAULO,355030854A,SP,Vila Maria,"-23,502","-46,591",2025-01-23 22:10:00,0.0,4,22,2025-01-23
367644,SÃO PAULO,355030854A,SP,Vila Maria,"-23,502","-46,591",2025-01-23 23:10:00,0.0,4,23,2025-01-23
367645,SÃO PAULO,355030854A,SP,Vila Maria,"-23,502","-46,591",2025-01-24 00:10:00,0.0,4,0,2025-01-24
367646,SÃO PAULO,355030854A,SP,Vila Maria,"-23,502","-46,591",2025-01-24 01:10:00,0.0,4,1,2025-01-24
367647,SÃO PAULO,355030854A,SP,Vila Maria,"-23,502","-46,591",2025-01-24 02:10:00,0.0,4,2,2025-01-24
367648,SÃO PAULO,355030854A,SP,Vila Maria,"-23,502","-46,591",2025-01-24 03:10:00,0.0,4,3,2025-01-24
367649,SÃO PAULO,355030854A,SP,Vila Maria,"-23,502","-46,591",2025-01-24 04:10:00,0.0,4,4,2025-01-24
367650,SÃO PAULO,355030854A,SP,Vila Maria,"-23,502","-46,591",2025-01-24 05:10:00,0.0,4,5,2025-01-24
367651,SÃO PAULO,355030854A,SP,Vila Maria,"-23,502","-46,591",2025-01-24 06:10:00,0.0,4,6,2025-01-24
367652,SÃO PAULO,355030854A,SP,Vila Maria,"-23,502","-46,591",2025-01-24 07:10:00,0.0,4,7,2025-01-24
367653,SÃO PAULO,355030854A,SP,Vila Maria,"-23,502","-46,591",2025-01-24 08:10:00,0.0,4,8,2025-01-24
367654,SÃO PAULO,355030854A,SP,Vila Maria,"-23,502","-46,591",2025-01-24 09:10:00,0.0,4,9,2025-01-24
367655,SÃO PAULO,355030854A,SP,Vila Maria,"-23,502","-46,591",2025-01-24 10:10:00,0.0,4,10,2025-01-24
367656,SÃO PAULO,355030854A,SP,Vila Maria,"-23,502","-46,591",2025-01-24 11:10:00,0.0,4,11,2025-01-24
367657,SÃO PAULO,355030854A,SP,Vila Maria,"-23,502","-46,591",2025-01-24 12:10:00,0.0,4,12,2025-01-24
367658,SÃO PAULO,355030854A,SP,Vila Maria,"-23,502","-46,591",2025-01-24 13:10:00,0.0,4,13,2025-01-24
367659,SÃO PAULO,355030854A,SP,Vila Maria,"-23,502","-46,591",2025-01-24 14:10:00,0.0,4,14,2025-01-24
367660,SÃO PAULO,355030854A,SP,Vila Maria,"-23,502","-46,591",2025-01-24 15:10:00,0.0,4,15,2025-01-24
367661,SÃO PAULO,355030854A,SP,Vila Maria,"-23,502","-46,591",2025-01-24 16:10:00,0.0,4,16,2025-01-24
367662,SÃO PAULO,355030854A,SP,Vila Maria,"-23,502","-46,591",2025-01-24 17:10:00,0.0,4,17,2025-01-24
367663,SÃO PAULO,355030854A,SP,Vila Maria,"-23,502","-46,591",2025-01-24 18:10:00,0.0,4,18,2025-01-24
367664,SÃO PAULO,355030854A,SP,Vila Maria,"-23,502","-46,591",2025-01-24 18:50:00,1.57,4,18,2025-01-24
367665,SÃO PAULO,355030854A,SP,Vila Maria,"-23,502","-46,591",2025-01-24 19:00:00,1.57,4,19,2025-01-24
367666,SÃO PAULO,355030854A,SP,Vila Maria,"-23,502","-46,591",2025-01-24 19:10:00,1.37,4,19,2025-01-24
367667,SÃO PAULO,355030854A,SP,Vila Maria,"-23,502","-46,591",2025-01-24 19:20:00,1.18,4,19,2025-01-24
367668,SÃO PAULO,355030854A,SP,Vila Maria,"-23,502","-46,591",2025-01-24 19:30:00,1.18,4,19,2025-01-24
367669,SÃO PAULO,355030854A,SP,Vila Maria,"-23,502","-46,591",2025-01-24 19:40:00,0.98,4,19,2025-01-24
367670,SÃO PAULO,355030854A,SP,Vila Maria,"-23,502","-46,591",2025-01-24 19:50:00,0.98,4,19,2025-01-24
367671,SÃO PAULO,355030854A,SP,Vila Maria,"-23,502","-46,591",2025-01-24 20:10:00,0.79,4,20,2025-01-24
367672,SÃO PAULO,355030854A,SP,Vila Maria,"-23,502","-46,591",2025-01-24 20:20:00,0.98,4,20,2025-01-24
367673,SÃO PAULO,355030854A,SP,Vila Maria,"-23,502","-46,591",2025-01-24 20:30:00,0.79,4,20,2025-01-24
367674,SÃO PAULO,355030854A,SP,Vila Maria,"-23,502","-46,591",2025-01-24 20:40:00,0.79,4,20,2025-01-24
367675,SÃO PAULO,355030854A,SP,Vila Maria,"-23,502","-46,591",2025-01-24 20:50:00,0.79,4,20,2025-01-24
367676,SÃO PAULO,355030854A,SP,Vila Maria,"-23,502","-46,591",2025-01-24 21:00:00,0.79,4,21,2025-01-24
367677,SÃO PAULO,355030854A,SP,Vila Maria,"-23,502","-46,591",2025-01-24 21:10:00,0.79,4,21,2025-01-24
367678,SÃO PAULO,355030854A,SP,Vila Maria,"-23,502","-46,591",2025-01-24 21:20:00,0.59,4,21,2025-01-24
367679,SÃO PAULO,355030854A,SP,Vila Maria,"-23,502","-46,591",2025-01-24 21:30:00,0.79,4,21,2025-01-24
367680,SÃO PAULO,355030854A,SP,Vila Maria,"-23,502","-46,591",2025-01-24 21:40:00,0.79,4,21,2025-01-24
367681,SÃO PAULO,355030854A,SP,Vila Maria,"-23,502","-46,591",2025-01-24 21:50:00,0.59,4,21,2025-01-24
367682,SÃO PAULO,355030854A,SP,Vila Maria,"-23,502","-46,591",2025-01-24 22:00:00,0.59,4,22,2025-01-24
367683,SÃO PAULO,355030854A,SP,Vila Maria,"-23,502","-46,591",2025-01-24 22:10:00,0.59,4,22,2025-01-24
367684,SÃO PAULO,355030854A,SP,Vila Maria,"-23,502","-46,591",2025-01-24 22:20:00,0.59,4,22,2025-01-24
367685,SÃO PAULO,355030854A,SP,Vila Maria,"-23,502","-46,591",2025-01-24 22:30:00,0.59,4,22,2025-01-24
367686,SÃO PAULO,355030854A,SP,Vila Maria,"-23,502","-46,591",2025-01-24 22:40:00,0.59,4,22,2025-01-24
367687,SÃO PAULO,355030854A,SP,Vila Maria,"-23,502","-46,591",2025-01-24 22:50:00,0.59,4,22,2025-01-24
367688,SÃO PAULO,355030854A,SP,Vila Maria,"-23,502","-46,591",2025-01-24 23:00:00,0.59,4,23,2025-01-24
367689,SÃO PAULO,355030854A,SP,Vila Maria,"-23,502","-46,591",2025-01-24 23:10:00,0.39,4,23,2025-01-24
367690,SÃO PAULO,355030854A,SP,Vila Maria,"-23,502","-46,591",2025-01-24 23:20:00,0.59,4,23,2025-01-24
367691,SÃO PAULO,355030854A,SP,Vila Maria,"-23,502","-46,591",2025-01-24 23:30:00,0.39,4,23,2025-01-24
367692,SÃO PAULO,355030854A,SP,Vila Maria,"-23,502","-46,591",2025-01-24 23:40:00,0.59,4,23,2025-01-24
367693,SÃO PAULO,355030854A,SP,Vila Maria,"-23,502","-46,591",2025-01-24 23:50:00,0.39,4,23,2025-01-24
367694,SÃO PAULO,355030854A,SP,Vila Maria,"-23,502","-46,591",2025-01-25 00:00:00,0.39,4,0,2025-01-25
367695,SÃO PAULO,355030854A,SP,Vila Maria,"-23,502","-46,591",2025-01-25 00:10:00,0.59,4,0,2025-01-25
367696,SÃO PAULO,355030854A,SP,Vila Maria,"-23,502","-46,591",2025-01-25 00:20:00,0.39,4,0,2025-01-25
367697,SÃO PAULO,355030854A,SP,Vila Maria,"-23,502","-46,591",2025-01-25 00:30:00,0.39,4,0,2025-01-25
367698,SÃO PAULO,355030854A,SP,Vila Maria,"-23,502","-46,591",2025-01-25 00:40:00,0.39,4,0,2025-01-25
367699,SÃO PAULO,355030854A,SP,Vila Maria,"-23,502","-46,591",2025-01-25 00:50:00,0.39,4,0,2025-01-25
367700,SÃO PAULO,355030854A,SP,Vila Maria,"-23,502","-46,591",2025-01-25 01:00:00,0.39,4,1,2025-01-25
367701,SÃO PAULO,355030854A,SP,Vila Maria,"-23,502","-46,591",2025-01-25 01:10:00,0.39,4,1,2025-01-25
367702,SÃO PAULO,355030854A,SP,Vila Maria,"-23,502","-46,591",2025-01-25 01:20:00,0.39,4,1,2025-01-25
367703,SÃO PAULO,355030854A,SP,Vila Maria,"-23,502","-46,591",2025-01-25 01:30:00,0.39,4,1,2025-01-25
367704,SÃO PAULO,355030854A,SP,Vila Maria,"-23,502","-46,591",2025-01-25 01:40:00,0.39,4,1,2025-01-25
367705,SÃO PAULO,355030854A,SP,Vila Maria,"-23,502","-46,591",2025-01-25 01:50:00,0.39,4,1,2025-01-25
367706,SÃO PAULO,355030854A,SP,Vila Maria,"-23,502","-46,591",2025-01-25 02:00:00,0.59,4,2,2025-01-25
367707,SÃO PAULO,355030854A,SP,Vila Maria,"-23,502","-46,591",2025-01-25 02:10:00,0.39,4,2,2025-01-25
367708,SÃO PAULO,355030854A,SP,Vila Maria,"-23,502","-46,591",2025-01-25 02:20:00,0.59,4,2,2025-01-25
367709,SÃO PAULO,355030854A,SP,Vila Maria,"-23,502","-46,591",2025-01-25 02:30:00,0.39,4,2,2025-01-25
367710,SÃO PAULO,355030854A,SP,Vila Maria,"-23,502","-46,591",2025-01-25 02:40:00,0.39,4,2,2025-01-25
367711,SÃO PAULO,355030854A,SP,Vila Maria,"-23,502","-46,591",2025-01-25 02:50:00,0.39,4,2,2025-01-25
367712,SÃO PAULO,355030854A,SP,Vila Maria,"-23,502","-46,591",2025-01-25 03:00:00,0.39,4,3,2025-01-25
367713,SÃO PAULO,355030854A,SP,Vila Maria,"-23,502","-46,591",2025-01-25 03:10:00,0.39,4,3,2025-01-25
367714,SÃO PAULO,355030854A,SP,Vila Maria,"-23,502","-46,591",2025-01-25 03:20:00,0.39,4,3,2025-01-25
367715,SÃO PAULO,355030854A,SP,Vila Maria,"-23,502","-46,591",2025-01-25 03:30:00,0.39,4,3,2025-01-25
367716,SÃO PAULO,355030854A,SP,Vila Maria,"-23,502","-46,591",2025-01-25 03:40:00,0.39,4,3,2025-01-25
367717,SÃO PAULO,355030854A,SP,Vila Maria,"-23,502","-46,591",2025-01-25 03:50:00,0.59,4,3,2025-01-25
367718,SÃO PAULO,355030854A,SP,Vila Maria,"-23,502","-46,591",2025-01-25 04:00:00,0.39,4,4,2025-01-25
367719,SÃO PAULO,355030854A,SP,Vila Maria,"-23,502","-46,591",2025-01-25 04:10:00,0.39,4,4,2025-01-25
367720,SÃO PAULO,355030854A,SP,Vila Maria,"-23,502","-46,591",2025-01-25 04:20:00,0.59,4,4,2025-01-25
367721,SÃO PAULO,355030854A,SP,Vila Maria,"-23,502","-46,591",2025-01-25 04:30:00,0.39,4,4,2025-01-25
367722,SÃO PAULO,355030854A,SP,Vila Maria,"-23,502","-46,591",2025-01-25 04:40:00,0.39,4,4,2025-01-25
367723,SÃO PAULO,355030854A,SP,Vila Maria,"-23,502","-46,591",2025-01-25 04:50:00,0.39,4,4,2025-01-25
367724,SÃO PAULO,355030854A,SP,Vila Maria,"-23,502","-46,591",2025-01-25 05:00:00,0.59,4,5,2025-01-25
367725,SÃO PAULO,355030854A,SP,Vila Maria,"-23,502","-46,591",2025-01-25 05:10:00,0.39,4,5,2025-01-25
367726,SÃO PAULO,355030854A,SP,Vila Maria,"-23,502","-46,591",2025-01-25 05:20:00,0.39,4,5,2025-01-25
367727,SÃO PAULO,355030854A,SP,Vila Maria,"-23,502","-46,591",2025-01-25 05:30:00,0.39,4,5,2025-01-25
367728,SÃO PAULO,355030854A,SP,Vila Maria,"-23,502","-46,591",2025-01-25 05:40:00,0.39,4,5,2025-01-25
367729,SÃO PAULO,355030854A,SP,Vila Maria,"-23,502","-46,591",2025-01-25 05:50:00,0.39,4,5,2025-01-25
367730,SÃO PAULO,355030854A,SP,Vila Maria,"-23,502","-46,591",2025-01-25 06:00:00,0.39,4,6,2025-01-25
367731,SÃO PAULO,355030854A,SP,Vila Maria,"-23,502","-46,591",2025-01-25 06:10:00,0.39,4,6,2025-01-25
367732,SÃO PAULO,355030854A,SP,Vila Maria,"-23,502","-46,591",2025-01-25 06:20:00,0.39,4,6,2025-01-25
367733,SÃO PAULO,355030854A,SP,Vila Maria,"-23,502","-46,591",2025-01-25 06:30:00,0.39,4,6,2025-01-25
367734,SÃO PAULO,355030854A,SP,Vila Maria,"-23,502","-46,591",2025-01-25 06:40:00,0.39,4,6,2025-01-25
367735,SÃO PAULO,355030854A,SP,Vila Maria,"-23,502","-46,591",2025-01-25 06:50:00,0.39,4,6,2025-01-25
367736,SÃO PAULO,355030854A,SP,Vila Maria,"-23,502","-46,591",2025-01-25 07:00:00,0.39,4,7,2025-01-25
367737,SÃO PAULO,355030854A,SP,Vila Maria,"-23,502","-46,591",2025-01-25 07:10:00,0.2,4,7,2025-01-25
367738,SÃO PAULO,355030854A,SP,Vila Maria,"-23,502","-46,591",2025-01-25 07:20:00,0.39,4,7,2025-01-25
367739,SÃO PAULO,355030854A,SP,Vila Maria,"-23,502","-46,591",2025-01-25 07:30:00,0.39,4,7,2025-01-25
367740,SÃO PAULO,355030854A,SP,Vila Maria,"-23,502","-46,591",2025-01-25 07:40:00,0.2,4,7,2025-01-25
367741,SÃO PAULO,355030854A,SP,Vila Maria,"-23,502","-46,591",2025-01-25 07:50:00,0.39,4,7,2025-01-25
367742,SÃO PAULO,355030854A,SP,Vila Maria,"-23,502","-46,591",2025-01-25 08:00:00,0.39,4,8,2025-01-25
367743,SÃO PAULO,355030854A,SP,Vila Maria,"-23,502","-46,591",2025-01-25 08:10:00,0.39,4,8,2025-01-25
367744,SÃO PAULO,355030854A,SP,Vila Maria,"-23,502","-46,591",2025-01-25 08:20:00,0.39,4,8,2025-01-25
367745,SÃO PAULO,355030854A,SP,Vila Maria,"-23,502","-46,591",2025-01-25 08:30:00,0.59,4,8,2025-01-25
367746,SÃO PAULO,355030854A,SP,Vila Maria,"-23,502","-46,591",2025-01-25 08:40:00,0.39,4,8,2025-01-25
367747,SÃO PAULO,355030854A,SP,Vila Maria,"-23,502","-46,591",2025-01-25 08:50:00,0.39,4,8,2025-01-25
367748,SÃO PAULO,355030854A,SP,Vila Maria,"-23,502","-46,591",2025-01-25 09:00:00,0.39,4,9,2025-01-25
367749,SÃO PAULO,355030854A,SP,Vila Maria,"-23,502","-46,591",2025-01-25 09:10:00,0.39,4,9,2025-01-25
367750,SÃO PAULO,355030854A,SP,Vila Maria,"-23,502","-46,591",2025-01-25 09:20:00,0.59,4,9,2025-01-25
367751,SÃO PAULO,355030854A,SP,Vila Maria,"-23,502","-46,591",2025-01-25 09:30:00,0.39,4,9,2025-01-25
367752,SÃO PAULO,355030854A,SP,Vila Maria,"-23,502","-46,591",2025-01-25 09:40:00,0.2,4,9,2025-01-25
367753,SÃO PAULO,355030854A,SP,Vila Maria,"-23,502","-46,591",2025-01-25 09:50:00,0.39,4,9,2025-01-25
367754,SÃO PAULO,355030854A,SP,Vila Maria,"-23,502","-46,591",2025-01-25 10:00:00,0.39,4,10,2025-01-25
367755,SÃO PAULO,355030854A,SP,Vila Maria,"-23,502","-46,591",2025-01-25 10:10:00,0.39,4,10,2025-01-25
367756,SÃO PAULO,355030854A,SP,Vila Maria,"-23,502","-46,591",2025-01-25 10:20:00,0.39,4,10,2025-01-25
367757,SÃO PAULO,355030854A,SP,Vila Maria,"-23,502","-46,591",2025-01-25 10:30:00,0.39,4,10,2025-01-25
367758,SÃO PAULO,355030854A,SP,Vila Maria,"-23,502","-46,591",2025-01-25 10:40:00,0.39,4,10,2025-01-25
367759,SÃO PAULO,355030854A,SP,Vila Maria,"-23,502","-46,591",2025-01-25 10:50:00,0.2,4,10,2025-01-25
367760,SÃO PAULO,355030854A,SP,Vila Maria,"-23,502","-46,591",2025-01-25 11:00:00,0.39,4,11,2025-01-25
367761,SÃO PAULO,355030854A,SP,Vila Maria,"-23,502","-46,591",2025-01-25 11:10:00,0.39,4,11,2025-01-25
367762,SÃO PAULO,355030854A,SP,Vila Maria,"-23,502","-46,591",2025-01-25 11:20:00,0.2,4,11,2025-01-25
367763,SÃO PAULO,355030854A,SP,Vila Maria,"-23,502","-46,591",2025-01-25 11:30:00,0.39,4,11,2025-01-25
367764,SÃO PAULO,355030854A,SP,Vila Maria,"-23,502","-46,591",2025-01-25 11:40:00,0.2,4,11,2025-01-25
367765,SÃO PAULO,355030854A,SP,Vila Maria,"-23,502","-46,591",2025-01-25 11:50:00,0.39,4,11,2025-01-25
367766,SÃO PAULO,355030854A,SP,Vila Maria,"-23,502","-46,591",2025-01-25 12:00:00,0.2,4,12,2025-01-25
367767,SÃO PAULO,355030854A,SP,Vila Maria,"-23,502","-46,591",2025-01-25 12:10:00,0.39,4,12,2025-01-25
367768,SÃO PAULO,355030854A,SP,Vila Maria,"-23,502","-46,591",2025-01-25 12:20:00,0.2,4,12,2025-01-25
367769,SÃO PAULO,355030854A,SP,Vila Maria,"-23,502","-46,591",2025-01-25 12:30:00,0.2,4,12,2025-01-25
367770,SÃO PAULO,355030854A,SP,Vila Maria,"-23,502","-46,591",2025-01-25 12:40:00,0.2,4,12,2025-01-25
367771,SÃO PAULO,355030854A,SP,Vila Maria,"-23,502","-46,591",2025-01-25 12:50:00,0.2,4,12,2025-01-25
367772,SÃO PAULO,355030854A,SP,Vila Maria,"-23,502","-46,591",2025-01-25 13:00:00,0.39,4,13,2025-01-25
367773,SÃO PAULO,355030854A,SP,Vila Maria,"-23,502","-46,591",2025-01-25 13:10:00,0.2,4,13,2025-01-25
367774,SÃO PAULO,355030854A,SP,Vila Maria,"-23,502","-46,591",2025-01-25 13:20:00,0.2,4,13,2025-01-25
367775,SÃO PAULO,355030854A,SP,Vila Maria,"-23,502","-46,591",2025-01-25 13:40:00,0.2,4,13,2025-01-25
367776,SÃO PAULO,355030854A,SP,Vila Maria,"-23,502","-46,591",2025-01-25 13:50:00,0.2,4,13,2025-01-25
367777,SÃO PAULO,355030854A,SP,Vila Maria,"-23,502","-46,591",2025-01-25 14:00:00,0.2,4,14,2025-01-25
367778,SÃO PAULO,355030854A,SP,Vila Maria,"-23,502","-46,591",2025-01-25 14:10:00,0.0,4,14,2025-01-25
367779,SÃO PAULO,355030854A,SP,Vila Maria,"-23,502","-46,591",2025-01-25 14:20:00,0.2,4,14,2025-01-25
367780,SÃO PAULO,355030854A,SP,Vila Maria,"-23,502","-46,591",2025-01-25 14:30:00,0.2,4,14,2025-01-25
367781,SÃO PAULO,355030854A,SP,Vila Maria,"-23,502","-46,591",2025-01-25 14:40:00,0.2,4,14,2025-01-25
367782,SÃO PAULO,355030854A,SP,Vila Maria,"-23,502","-46,591",2025-01-25 15:00:00,0.2,4,15,2025-01-25
367783,SÃO PAULO,355030854A,SP,Vila Maria,"-23,502","-46,591",2025-01-25 15:20:00,0.2,4,15,2025-01-25
367784,SÃO PAULO,355030854A,SP,Vila Maria,"-23,502","-46,591",2025-01-25 15:30:00,0.2,4,15,2025-01-25
367785,SÃO PAULO,355030854A,SP,Vila Maria,"-23,502","-46,591",2025-01-25 15:50:00,0.2,4,15,2025-01-25
367786,SÃO PAULO,355030854A,SP,Vila Maria,"-23,502","-46,591",2025-01-25 16:00:00,0.2,4,16,2025-01-25
367787,SÃO PAULO,355030854A,SP,Vila Maria,"-23,502","-46,591",2025-01-25 16:10:00,0.2,4,16,2025-01-25
367788,SÃO PAULO,355030854A,SP,Vila Maria,"-23,502","-46,591",2025-01-25 16:30:00,0.2,4,16,2025-01-25
367789,SÃO PAULO,355030854A,SP,Vila Maria,"-23,502","-46,591",2025-01-25 16:40:00,0.2,4,16,2025-01-25
367790,SÃO PAULO,355030854A,SP,Vila Maria,"-23,502","-46,591",2025-01-25 16:50:00,0.2,4,16,2025-01-25
367791,SÃO PAULO,355030854A,SP,Vila Maria,"-23,502","-46,591",2025-01-25 17:10:00,0.2,4,17,2025-01-25
367792,SÃO PAULO,355030854A,SP,Vila Maria,"-23,502","-46,591",2025-01-25 17:20:00,0.2,4,17,2025-01-25
367793,SÃO PAULO,355030854A,SP,Vila Maria,"-23,502","-46,591",2025-01-25 17:30:00,0.2,4,17,2025-01-25
367794,SÃO PAULO,355030854A,SP,Vila Maria,"-23,502","-46,591",2025-01-25 17:50:00,0.2,4,17,2025-01-25
367795,SÃO PAULO,355030854A,SP,Vila Maria,"-23,502","-46,591",2025-01-25 18:00:00,0.2,4,18,2025-01-25
367796,SÃO PAULO,355030854A,SP,Vila Maria,"-23,502","-46,591",2025-01-25 18:10:00,0.2,4,18,2025-01-25
367797,SÃO PAULO,355030854A,SP,Vila Maria,"-23,502","-46,591",2025-01-25 18:20:00,0.2,4,18,2025-01-25
367798,SÃO PAULO,355030854A,SP,Vila Maria,"-23,502","-46,591",2025-01-25 18:30:00,0.2,4,18,2025-01-25
367799,SÃO PAULO,355030854A,SP,Vila Maria,"-23,502","-46,591",2025-01-25 18:40:00,0.2,4,18,2025-01-25
367800,SÃO PAULO,355030854A,SP,Vila Maria,"-23,502","-46,591",2025-01-25 18:50:00,0.2,4,18,2025-01-25
367801,SÃO PAULO,355030854A,SP,Vila Maria,"-23,502","-46,591",2025-01-25 19:00:00,0.2,4,19,2025-01-25
367802,SÃO PAULO,355030854A,SP,Vila Maria,"-23,502","-46,591",2025-01-25 19:10:00,0.2,4,19,2025-01-25
367803,SÃO PAULO,355030854A,SP,Vila Maria,"-23,502","-46,591",2025-01-25 19:20:00,0.2,4,19,2025-01-25
367804,SÃO PAULO,355030854A,SP,Vila Maria,"-23,502","-46,591",2025-01-25 19:30:00,0.2,4,19,2025-01-25
367805,SÃO PAULO,355030854A,SP,Vila Maria,"-23,502","-46,591",2025-01-25 19:40:00,0.2,4,19,2025-01-25
367806,SÃO PAULO,355030854A,SP,Vila Maria,"-23,502","-46,591",2025-01-25 19:50:00,0.2,4,19,2025-01-25
367807,SÃO PAULO,355030854A,SP,Vila Maria,"-23,502","-46,591",2025-01-25 20:10:00,0.2,4,20,2025-01-25
367808,SÃO PAULO,355030854A,SP,Vila Maria,"-23,502","-46,591",2025-01-25 20:20:00,0.2,4,20,2025-01-25
367809,SÃO PAULO,355030854A,SP,Vila Maria,"-23,502","-46,591",2025-01-25 20:30:00,0.2,4,20,2025-01-25
367810,SÃO PAULO,355030854A,SP,Vila Maria,"-23,502","-46,591",2025-01-25 20:40:00,0.2,4,20,2025-01-25
367811,SÃO PAULO,355030854A,SP,Vila Maria,"-23,502","-46,591",2025-01-25 21:00:00,0.2,4,21,2025-01-25
367812,SÃO PAULO,355030854A,SP,Vila Maria,"-23,502","-46,591",2025-01-25 21:10:00,0.2,4,21,2025-01-25
367813,SÃO PAULO,355030854A,SP,Vila Maria,"-23,502","-46,591",2025-01-25 21:20:00,0.2,4,21,2025-01-25
367814,SÃO PAULO,355030854A,SP,Vila Maria,"-23,502","-46,591",2025-01-25 21:30:00,0.2,4,21,2025-01-25
367815,SÃO PAULO,355030854A,SP,Vila Maria,"-23,502","-46,591",2025-01-25 21:50:00,0.2,4,21,2025-01-25
367816,SÃO PAULO,355030854A,SP,Vila Maria,"-23,502","-46,591",2025-01-25 22:00:00,0.2,4,22,2025-01-25
367817,SÃO PAULO,355030854A,SP,Vila Maria,"-23,502","-46,591",2025-01-25 22:10:00,0.0,4,22,2025-01-25
367818,SÃO PAULO,355030854A,SP,Vila Maria,"-23,502","-46,591",2025-01-25 22:20:00,0.2,4,22,2025-01-25
367819,SÃO PAULO,355030854A,SP,Vila Maria,"-23,502","-46,591",2025-01-25 22:30:00,0.2,4,22,2025-01-25
367820,SÃO PAULO,355030854A,SP,Vila Maria,"-23,502","-46,591",2025-01-25 22:50:00,0.2,4,22,2025-01-25
367821,SÃO PAULO,355030854A,SP,Vila Maria,"-23,502","-46,591",2025-01-25 23:10:00,0.2,4,23,2025-01-25
367822,SÃO PAULO,355030854A,SP,Vila Maria,"-23,502","-46,591",2025-01-25 23:40:00,0.2,4,23,2025-01-25
367823,SÃO PAULO,355030854A,SP,Vila Maria,"-23,502","-46,591",2025-01-26 00:00:00,0.2,4,0,2025-01-26
367824,SÃO PAULO,355030854A,SP,Vila Maria,"-23,502","-46,591",2025-01-26 00:10:00,0.0,4,0,2025-01-26
367825,SÃO PAULO,355030854A,SP,Vila Maria,"-23,502","-46,591",2025-01-26 00:20:00,0.2,4,0,2025-01-26
367826,SÃO PAULO,355030854A,SP,Vila Maria,"-23,502","-46,591",2025-01-26 00:40:00,0.2,4,0,2025-01-26
367827,SÃO PAULO,355030854A,SP,Vila Maria,"-23,502","-46,591",2025-01-26 01:10:00,0.2,4,1,2025-01-26
367828,SÃO PAULO,355030854A,SP,Vila Maria,"-23,502","-46,591",2025-01-26 01:40:00,0.2,4,1,2025-01-26
367829,SÃO PAULO,355030854A,SP,Vila Maria,"-23,502","-46,591",2025-01-26 02:00:00,0.2,4,2,2025-01-26
367830,SÃO PAULO,355030854A,SP,Vila Maria,"-23,502","-46,591",2025-01-26 02:10:00,0.0,4,2,2025-01-26
367831,SÃO PAULO,355030854A,SP,Vila Maria,"-23,502","-46,591",2025-01-26 02:30:00,0.2,4,2,2025-01-26
367832,SÃO PAULO,355030854A,SP,Vila Maria,"-23,502","-46,591",2025-01-26 03:00:00,0.2,4,3,2025-01-26
367833,SÃO PAULO,355030854A,SP,Vila Maria,"-23,502","-46,591",2025-01-26 03:10:00,0.0,4,3,2025-01-26
367834,SÃO PAULO,355030854A,SP,Vila Maria,"-23,502","-46,591",2025-01-26 03:20:00,0.2,4,3,2025-01-26
367835,SÃO PAULO,355030854A,SP,Vila Maria,"-23,502","-46,591",2025-01-26 03:50:00,0.2,4,3,2025-01-26
367836,SÃO PAULO,355030854A,SP,Vila Maria,"-23,502","-46,591",2025-01-26 04:10:00,0.2,4,4,2025-01-26
367837,SÃO PAULO,355030854A,SP,Vila Maria,"-23,502","-46,591",2025-01-26 04:30:00,0.2,4,4,2025-01-26
367838,SÃO PAULO,355030854A,SP,Vila Maria,"-23,502","-46,591",2025-01-26 04:50:00,0.2,4,4,2025-01-26
367839,SÃO PAULO,355030854A,SP,Vila Maria,"-23,502","-46,591",2025-01-26 05:10:00,0.2,4,5,2025-01-26
367840,SÃO PAULO,355030854A,SP,Vila Maria,"-23,502","-46,591",2025-01-26 05:40:00,0.2,4,5,2025-01-26
367841,SÃO PAULO,355030854A,SP,Vila Maria,"-23,502","-46,591",2025-01-26 06:00:00,0.2,4,6,2025-01-26
367842,SÃO PAULO,355030854A,SP,Vila Maria,"-23,502","-46,591",2025-01-26 06:10:00,0.0,4,6,2025-01-26
367843,SÃO PAULO,355030854A,SP,Vila Maria,"-23,502","-46,591",2025-01-26 06:20:00,0.2,4,6,2025-01-26
367844,SÃO PAULO,355030854A,SP,Vila Maria,"-23,502","-46,591",2025-01-26 06:40:00,0.2,4,6,2025-01-26
367845,SÃO PAULO,355030854A,SP,Vila Maria,"-23,502","-46,591",2025-01-26 07:00:00,0.2,4,7,2025-01-26
367846,SÃO PAULO,355030854A,SP,Vila Maria,"-23,502","-46,591",2025-01-26 07:10:00,0.0,4,7,2025-01-26
367847,SÃO PAULO,355030854A,SP,Vila Maria,"-23,502","-46,591",2025-01-26 07:20:00,0.2,4,7,2025-01-26
367848,SÃO PAULO,355030854A,SP,Vila Maria,"-23,502","-46,591",2025-01-26 07:30:00,0.2,4,7,2025-01-26
367849,SÃO PAULO,355030854A,SP,Vila Maria,"-23,502","-46,591",2025-01-26 07:50:00,0.2,4,7,2025-01-26
367850,SÃO PAULO,355030854A,SP,Vila Maria,"-23,502","-46,591",2025-01-26 08:10:00,0.2,4,8,2025-01-26
367851,SÃO PAULO,355030854A,SP,Vila Maria,"-23,502","-46,591",2025-01-26 08:40:00,0.2,4,8,2025-01-26
367852,SÃO PAULO,355030854A,SP,Vila Maria,"-23,502","-46,591",2025-01-26 09:00:00,0.2,4,9,2025-01-26
367853,SÃO PAULO,355030854A,SP,Vila Maria,"-23,502","-46,591",2025-01-26 09:10:00,0.0,4,9,2025-01-26
367854,SÃO PAULO,355030854A,SP,Vila Maria,"-23,502","-46,591",2025-01-26 09:30:00,0.2,4,9,2025-01-26
367855,SÃO PAULO,355030854A,SP,Vila Maria,"-23,502","-46,591",2025-01-26 09:50:00,0.2,4,9,2025-01-26
367856,SÃO PAULO,355030854A,SP,Vila Maria,"-23,502","-46,591",2025-01-26 10:10:00,0.0,4,10,2025-01-26
367857,SÃO PAULO,355030854A,SP,Vila Maria,"-23,502","-46,591",2025-01-26 10:20:00,0.2,4,10,2025-01-26
367858,SÃO PAULO,355030854A,SP,Vila Maria,"-23,502","-46,591",2025-01-26 10:50:00,0.2,4,10,2025-01-26
367859,SÃO PAULO,355030854A,SP,Vila Maria,"-23,502","-46,591",2025-01-26 11:10:00,0.0,4,11,2025-01-26
367860,SÃO PAULO,355030854A,SP,Vila Maria,"-23,502","-46,591",2025-01-26 11:20:00,0.2,4,11,2025-01-26
367861,SÃO PAULO,355030854A,SP,Vila Maria,"-23,502","-46,591",2025-01-26 11:50:00,0.2,4,11,2025-01-26
367862,SÃO PAULO,355030854A,SP,Vila Maria,"-23,502","-46,591",2025-01-26 12:10:00,0.2,4,12,2025-01-26
367863,SÃO PAULO,355030854A,SP,Vila Maria,"-23,502","-46,591",2025-01-26 12:40:00,0.2,4,12,2025-01-26
367864,SÃO PAULO,355030854A,SP,Vila Maria,"-23,502","-46,591",2025-01-26 13:00:00,0.2,4,13,2025-01-26
367865,SÃO PAULO,355030854A,SP,Vila Maria,"-23,502","-46,591",2025-01-26 13:10:00,0.0,4,13,2025-01-26
367866,SÃO PAULO,355030854A,SP,Vila Maria,"-23,502","-46,591",2025-01-26 13:30:00,0.2,4,13,2025-01-26
367867,SÃO PAULO,355030854A,SP,Vila Maria,"-23,502","-46,591",2025-01-26 14:00:00,0.2,4,14,2025-01-26
367868,SÃO PAULO,355030854A,SP,Vila Maria,"-23,502","-46,591",2025-01-26 14:20:00,0.2,4,14,2025-01-26
367869,SÃO PAULO,355030854A,SP,Vila Maria,"-23,502","-46,591",2025-01-26 14:50:00,0.2,4,14,2025-01-26
367870,SÃO PAULO,355030854A,SP,Vila Maria,"-23,502","-46,591",2025-01-26 15:10:00,0.0,4,15,2025-01-26
367871,SÃO PAULO,355030854A,SP,Vila Maria,"-23,502","-46,591",2025-01-26 15:30:00,0.2,4,15,2025-01-26
367872,SÃO PAULO,355030854A,SP,Vila Maria,"-23,502","-46,591",2025-01-26 16:00:00,0.2,4,16,2025-01-26
367873,SÃO PAULO,355030854A,SP,Vila Maria,"-23,502","-46,591",2025-01-26 16:10:00,0.0,4,16,2025-01-26
367874,SÃO PAULO,355030854A,SP,Vila Maria,"-23,502","-46,591",2025-01-26 16:40:00,0.2,4,16,2025-01-26
367875,SÃO PAULO,355030854A,SP,Vila Maria,"-23,502","-46,591",2025-01-26 17:10:00,0.0,4,17,2025-01-26
367876,SÃO PAULO,355030854A,SP,Vila Maria,"-23,502","-46,591",2025-01-26 17:20:00,0.2,4,17,2025-01-26
367877,SÃO PAULO,355030854A,SP,Vila Maria,"-23,502","-46,591",2025-01-26 18:00:00,0.2,4,18,2025-01-26
367878,SÃO PAULO,355030854A,SP,Vila Maria,"-23,502","-46,591",2025-01-26 18:10:00,0.0,4,18,2025-01-26
367879,SÃO PAULO,355030854A,SP,Vila Maria,"-23,502","-46,591",2025-01-26 18:40:00,0.2,4,18,2025-01-26
367880,SÃO PAULO,355030854A,SP,Vila Maria,"-23,502","-46,591",2025-01-26 19:10:00,0.0,4,19,2025-01-26
367881,SÃO PAULO,355030854A,SP,Vila Maria,"-23,502","-46,591",2025-01-26 19:20:00,0.2,4,19,2025-01-26
367882,SÃO PAULO,355030854A,SP,Vila Maria,"-23,502","-46,591",2025-01-26 20:00:00,0.2,4,20,2025-01-26
367883,SÃO PAULO,355030854A,SP,Vila Maria,"-23,502","-46,591",2025-01-26 20:10:00,0.0,4,20,2025-01-26
367884,SÃO PAULO,355030854A,SP,Vila Maria,"-23,502","-46,591",2025-01-26 20:40:00,0.2,4,20,2025-01-26
367885,SÃO PAULO,355030854A,SP,Vila Maria,"-23,502","-46,591",2025-01-26 21:10:00,0.0,4,21,2025-01-26
367886,SÃO PAULO,355030854A,SP,Vila Maria,"-23,502","-46,591",2025-01-26 21:20:00,0.2,4,21,2025-01-26
367887,SÃO PAULO,355030854A,SP,Vila Maria,"-23,502","-46,591",2025-01-26 21:50:00,0.2,4,21,2025-01-26
367888,SÃO PAULO,355030854A,SP,Vila Maria,"-23,502","-46,591",2025-01-26 22:10:00,0.0,4,22,2025-01-26
367889,SÃO PAULO,355030854A,SP,Vila Maria,"-23,502","-46,591",2025-01-26 22:20:00,0.2,4,22,2025-01-26
367890,SÃO PAULO,355030854A,SP,Vila Maria,"-23,502","-46,591",2025-01-26 22:50:00,0.2,4,22,2025-01-26
367891,SÃO PAULO,355030854A,SP,Vila Maria,"-23,502","-46,591",2025-01-26 23:10:00,0.0,4,23,2025-01-26
367892,SÃO PAULO,355030854A,SP,Vila Maria,"-23,502","-46,591",2025-01-26 23:20:00,0.2,4,23,2025-01-26
367893,SÃO PAULO,355030854A,SP,Vila Maria,"-23,502","-46,591",2025-01-26 23:40:00,0.2,4,23,2025-01-26
385456,SÃO PAULO,355030879A,SP,Avenida Tucuruvi,"-23,481","-46,604",2025-01-20 00:50:00,0.0,4,0,2025-01-20
385457,SÃO PAULO,355030879A,SP,Avenida Tucuruvi,"-23,481","-46,604",2025-01-20 01:50:00,0.0,4,1,2025-01-20
385458,SÃO PAULO,355030879A,SP,Avenida Tucuruvi,"-23,481","-46,604",2025-01-20 02:50:00,0.0,4,2,2025-01-20
385459,SÃO PAULO,355030879A,SP,Avenida Tucuruvi,"-23,481","-46,604",2025-01-20 03:50:00,0.0,4,3,2025-01-20
385460,SÃO PAULO,355030879A,SP,Avenida Tucuruvi,"-23,481","-46,604",2025-01-20 04:50:00,0.0,4,4,2025-01-20
385461,SÃO PAULO,355030879A,SP,Avenida Tucuruvi,"-23,481","-46,604",2025-01-20 05:50:00,0.0,4,5,2025-01-20
385462,SÃO PAULO,355030879A,SP,Avenida Tucuruvi,"-23,481","-46,604",2025-01-20 06:50:00,0.0,4,6,2025-01-20
385463,SÃO PAULO,355030879A,SP,Avenida Tucuruvi,"-23,481","-46,604",2025-01-20 07:50:00,0.0,4,7,2025-01-20
385464,SÃO PAULO,355030879A,SP,Avenida Tucuruvi,"-23,481","-46,604",2025-01-20 08:50:00,0.0,4,8,2025-01-20
385465,SÃO PAULO,355030879A,SP,Avenida Tucuruvi,"-23,481","-46,604",2025-01-20 09:50:00,0.0,4,9,2025-01-20
385466,SÃO PAULO,355030879A,SP,Avenida Tucuruvi,"-23,481","-46,604",2025-01-20 10:50:00,0.0,4,10,2025-01-20
385467,SÃO PAULO,355030879A,SP,Avenida Tucuruvi,"-23,481","-46,604",2025-01-20 11:50:00,0.0,4,11,2025-01-20
385468,SÃO PAULO,355030879A,SP,Avenida Tucuruvi,"-23,481","-46,604",2025-01-20 12:50:00,0.0,4,12,2025-01-20
385469,SÃO PAULO,355030879A,SP,Avenida Tucuruvi,"-23,481","-46,604",2025-01-20 13:50:00,0.0,4,13,2025-01-20
385470,SÃO PAULO,355030879A,SP,Avenida Tucuruvi,"-23,481","-46,604",2025-01-20 14:50:00,0.0,4,14,2025-01-20
385471,SÃO PAULO,355030879A,SP,Avenida Tucuruvi,"-23,481","-46,604",2025-01-20 15:50:00,0.0,4,15,2025-01-20
385472,SÃO PAULO,355030879A,SP,Avenida Tucuruvi,"-23,481","-46,604",2025-01-20 16:50:00,0.0,4,16,2025-01-20
385473,SÃO PAULO,355030879A,SP,Avenida Tucuruvi,"-23,481","-46,604",2025-01-20 17:50:00,0.0,4,17,2025-01-20
385474,SÃO PAULO,355030879A,SP,Avenida Tucuruvi,"-23,481","-46,604",2025-01-20 18:50:00,0.0,4,18,2025-01-20
385475,SÃO PAULO,355030879A,SP,Avenida Tucuruvi,"-23,481","-46,604",2025-01-20 19:50:00,0.0,4,19,2025-01-20
385476,SÃO PAULO,355030879A,SP,Avenida Tucuruvi,"-23,481","-46,604",2025-01-20 20:50:00,0.0,4,20,2025-01-20
385477,SÃO PAULO,355030879A,SP,Avenida Tucuruvi,"-23,481","-46,604",2025-01-20 21:50:00,0.0,4,21,2025-01-20
385478,SÃO PAULO,355030879A,SP,Avenida Tucuruvi,"-23,481","-46,604",2025-01-20 22:50:00,0.0,4,22,2025-01-20
385479,SÃO PAULO,355030879A,SP,Avenida Tucuruvi,"-23,481","-46,604",2025-01-20 23:50:00,0.0,4,23,2025-01-20
385480,SÃO PAULO,355030879A,SP,Avenida Tucuruvi,"-23,481","-46,604",2025-01-21 00:50:00,0.0,4,0,2025-01-21
385481,SÃO PAULO,355030879A,SP,Avenida Tucuruvi,"-23,481","-46,604",2025-01-21 01:50:00,0.0,4,1,2025-01-21
385482,SÃO PAULO,355030879A,SP,Avenida Tucuruvi,"-23,481","-46,604",2025-01-21 02:50:00,0.0,4,2,2025-01-21
385483,SÃO PAULO,355030879A,SP,Avenida Tucuruvi,"-23,481","-46,604",2025-01-21 03:50:00,0.0,4,3,2025-01-21
385484,SÃO PAULO,355030879A,SP,Avenida Tucuruvi,"-23,481","-46,604",2025-01-21 05:20:00,0.0,4,5,2025-01-21
385485,SÃO PAULO,355030879A,SP,Avenida Tucuruvi,"-23,481","-46,604",2025-01-21 05:50:00,0.0,4,5,2025-01-21
385486,SÃO PAULO,355030879A,SP,Avenida Tucuruvi,"-23,481","-46,604",2025-01-21 06:50:00,0.0,4,6,2025-01-21
385487,SÃO PAULO,355030879A,SP,Avenida Tucuruvi,"-23,481","-46,604",2025-01-21 07:50:00,0.0,4,7,2025-01-21
385488,SÃO PAULO,355030879A,SP,Avenida Tucuruvi,"-23,481","-46,604",2025-01-21 08:50:00,0.0,4,8,2025-01-21
385489,SÃO PAULO,355030879A,SP,Avenida Tucuruvi,"-23,481","-46,604",2025-01-21 09:50:00,0.0,4,9,2025-01-21
385490,SÃO PAULO,355030879A,SP,Avenida Tucuruvi,"-23,481","-46,604",2025-01-21 10:50:00,0.0,4,10,2025-01-21
385491,SÃO PAULO,355030879A,SP,Avenida Tucuruvi,"-23,481","-46,604",2025-01-21 11:50:00,0.0,4,11,2025-01-21
385492,SÃO PAULO,355030879A,SP,Avenida Tucuruvi,"-23,481","-46,604",2025-01-21 12:50:00,0.0,4,12,2025-01-21
385493,SÃO PAULO,355030879A,SP,Avenida Tucuruvi,"-23,481","-46,604",2025-01-21 13:50:00,0.0,4,13,2025-01-21
385494,SÃO PAULO,355030879A,SP,Avenida Tucuruvi,"-23,481","-46,604",2025-01-21 14:50:00,0.0,4,14,2025-01-21
385495,SÃO PAULO,355030879A,SP,Avenida Tucuruvi,"-23,481","-46,604",2025-01-21 15:50:00,0.0,4,15,2025-01-21
385496,SÃO PAULO,355030879A,SP,Avenida Tucuruvi,"-23,481","-46,604",2025-01-21 16:50:00,0.0,4,16,2025-01-21
385497,SÃO PAULO,355030879A,SP,Avenida Tucuruvi,"-23,481","-46,604",2025-01-21 17:50:00,0.0,4,17,2025-01-21
385498,SÃO PAULO,355030879A,SP,Avenida Tucuruvi,"-23,481","-46,604",2025-01-21 18:50:00,0.0,4,18,2025-01-21
385499,SÃO PAULO,355030879A,SP,Avenida Tucuruvi,"-23,481","-46,604",2025-01-21 19:50:00,0.0,4,19,2025-01-21
385500,SÃO PAULO,355030879A,SP,Avenida Tucuruvi,"-23,481","-46,604",2025-01-21 20:50:00,0.0,4,20,2025-01-21
385501,SÃO PAULO,355030879A,SP,Avenida Tucuruvi,"-23,481","-46,604",2025-01-21 21:50:00,0.0,4,21,2025-01-21
385502,SÃO PAULO,355030879A,SP,Avenida Tucuruvi,"-23,481","-46,604",2025-01-21 22:50:00,0.0,4,22,2025-01-21
385503,SÃO PAULO,355030879A,SP,Avenida Tucuruvi,"-23,481","-46,604",2025-01-21 23:50:00,0.0,4,23,2025-01-21
385504,SÃO PAULO,355030879A,SP,Avenida Tucuruvi,"-23,481","-46,604",2025-01-22 00:50:00,0.0,4,0,2025-01-22
385505,SÃO PAULO,355030879A,SP,Avenida Tucuruvi,"-23,481","-46,604",2025-01-22 01:50:00,0.0,4,1,2025-01-22
385506,SÃO PAULO,355030879A,SP,Avenida Tucuruvi,"-23,481","-46,604",2025-01-22 02:50:00,0.0,4,2,2025-01-22
385507,SÃO PAULO,355030879A,SP,Avenida Tucuruvi,"-23,481","-46,604",2025-01-22 03:50:00,0.0,4,3,2025-01-22
385508,SÃO PAULO,355030879A,SP,Avenida Tucuruvi,"-23,481","-46,604",2025-01-22 04:50:00,0.0,4,4,2025-01-22
385509,SÃO PAULO,355030879A,SP,Avenida Tucuruvi,"-23,481","-46,604",2025-01-22 05:50:00,0.0,4,5,2025-01-22
385510,SÃO PAULO,355030879A,SP,Avenida Tucuruvi,"-23,481","-46,604",2025-01-22 06:50:00,0.0,4,6,2025-01-22
385511,SÃO PAULO,355030879A,SP,Avenida Tucuruvi,"-23,481","-46,604",2025-01-22 07:50:00,0.0,4,7,2025-01-22
385512,SÃO PAULO,355030879A,SP,Avenida Tucuruvi,"-23,481","-46,604",2025-01-22 08:50:00,0.0,4,8,2025-01-22
385513,SÃO PAULO,355030879A,SP,Avenida Tucuruvi,"-23,481","-46,604",2025-01-22 09:50:00,0.0,4,9,2025-01-22
385514,SÃO PAULO,355030879A,SP,Avenida Tucuruvi,"-23,481","-46,604",2025-01-22 10:50:00,0.0,4,10,2025-01-22
385515,SÃO PAULO,355030879A,SP,Avenida Tucuruvi,"-23,481","-46,604",2025-01-22 11:50:00,0.0,4,11,2025-01-22
385516,SÃO PAULO,355030879A,SP,Avenida Tucuruvi,"-23,481","-46,604",2025-01-22 12:50:00,0.0,4,12,2025-01-22
385517,SÃO PAULO,355030879A,SP,Avenida Tucuruvi,"-23,481","-46,604",2025-01-22 13:50:00,0.0,4,13,2025-01-22
385518,SÃO PAULO,355030879A,SP,Avenida Tucuruvi,"-23,481","-46,604",2025-01-22 14:50:00,0.0,4,14,2025-01-22
385519,SÃO PAULO,355030879A,SP,Avenida Tucuruvi,"-23,481","-46,604",2025-01-22 15:50:00,0.0,4,15,2025-01-22
385520,SÃO PAULO,355030879A,SP,Avenida Tucuruvi,"-23,481","-46,604",2025-01-22 16:50:00,0.0,4,16,2025-01-22
385521,SÃO PAULO,355030879A,SP,Avenida Tucuruvi,"-23,481","-46,604",2025-01-22 17:50:00,0.0,4,17,2025-01-22
385522,SÃO PAULO,355030879A,SP,Avenida Tucuruvi,"-23,481","-46,604",2025-01-22 18:50:00,0.0,4,18,2025-01-22
385523,SÃO PAULO,355030879A,SP,Avenida Tucuruvi,"-23,481","-46,604",2025-01-22 19:50:00,0.0,4,19,2025-01-22
385524,SÃO PAULO,355030879A,SP,Avenida Tucuruvi,"-23,481","-46,604",2025-01-22 20:50:00,0.0,4,20,2025-01-22
385525,SÃO PAULO,355030879A,SP,Avenida Tucuruvi,"-23,481","-46,604",2025-01-22 21:10:00,0.2,4,21,2025-01-22
385526,SÃO PAULO,355030879A,SP,Avenida Tucuruvi,"-23,481","-46,604",2025-01-22 21:20:00,3.74,4,21,2025-01-22
385527,SÃO PAULO,355030879A,SP,Avenida Tucuruvi,"-23,481","-46,604",2025-01-22 21:30:00,3.15,4,21,2025-01-22
385528,SÃO PAULO,355030879A,SP,Avenida Tucuruvi,"-23,481","-46,604",2025-01-22 21:40:00,0.39,4,21,2025-01-22
385529,SÃO PAULO,355030879A,SP,Avenida Tucuruvi,"-23,481","-46,604",2025-01-22 21:50:00,0.0,4,21,2025-01-22
385530,SÃO PAULO,355030879A,SP,Avenida Tucuruvi,"-23,481","-46,604",2025-01-22 22:50:00,0.0,4,22,2025-01-22
385531,SÃO PAULO,355030879A,SP,Avenida Tucuruvi,"-23,481","-46,604",2025-01-22 23:50:00,0.0,4,23,2025-01-22
385532,SÃO PAULO,355030879A,SP,Avenida Tucuruvi,"-23,481","-46,604",2025-01-23 00:50:00,0.0,4,0,2025-01-23
385533,SÃO PAULO,355030879A,SP,Avenida Tucuruvi,"-23,481","-46,604",2025-01-23 01:50:00,0.0,4,1,2025-01-23
385534,SÃO PAULO,355030879A,SP,Avenida Tucuruvi,"-23,481","-46,604",2025-01-23 02:50:00,0.0,4,2,2025-01-23
385535,SÃO PAULO,355030879A,SP,Avenida Tucuruvi,"-23,481","-46,604",2025-01-23 03:50:00,0.0,4,3,2025-01-23
385536,SÃO PAULO,355030879A,SP,Avenida Tucuruvi,"-23,481","-46,604",2025-01-23 04:50:00,0.0,4,4,2025-01-23
385537,SÃO PAULO,355030879A,SP,Avenida Tucuruvi,"-23,481","-46,604",2025-01-23 05:50:00,0.0,4,5,2025-01-23
385538,SÃO PAULO,355030879A,SP,Avenida Tucuruvi,"-23,481","-46,604",2025-01-23 06:50:00,0.0,4,6,2025-01-23
385539,SÃO PAULO,355030879A,SP,Avenida Tucuruvi,"-23,481","-46,604",2025-01-23 07:50:00,0.0,4,7,2025-01-23
385540,SÃO PAULO,355030879A,SP,Avenida Tucuruvi,"-23,481","-46,604",2025-01-23 08:50:00,0.0,4,8,2025-01-23
385541,SÃO PAULO,355030879A,SP,Avenida Tucuruvi,"-23,481","-46,604",2025-01-23 09:50:00,0.0,4,9,2025-01-23
385542,SÃO PAULO,355030879A,SP,Avenida Tucuruvi,"-23,481","-46,604",2025-01-23 10:50:00,0.0,4,10,2025-01-23
385543,SÃO PAULO,355030879A,SP,Avenida Tucuruvi,"-23,481","-46,604",2025-01-23 11:50:00,0.0,4,11,2025-01-23
385544,SÃO PAULO,355030879A,SP,Avenida Tucuruvi,"-23,481","-46,604",2025-01-23 12:50:00,0.0,4,12,2025-01-23
385545,SÃO PAULO,355030879A,SP,Avenida Tucuruvi,"-23,481","-46,604",2025-01-23 13:50:00,0.0,4,13,2025-01-23
385546,SÃO PAULO,355030879A,SP,Avenida Tucuruvi,"-23,481","-46,604",2025-01-23 14:50:00,0.0,4,14,2025-01-23
385547,SÃO PAULO,355030879A,SP,Avenida Tucuruvi,"-23,481","-46,604",2025-01-23 15:50:00,0.0,4,15,2025-01-23
385548,SÃO PAULO,355030879A,SP,Avenida Tucuruvi,"-23,481","-46,604",2025-01-23 16:50:00,0.0,4,16,2025-01-23
385549,SÃO PAULO,355030879A,SP,Avenida Tucuruvi,"-23,481","-46,604",2025-01-23 17:50:00,0.0,4,17,2025-01-23
385550,SÃO PAULO,355030879A,SP,Avenida Tucuruvi,"-23,481","-46,604",2025-01-23 18:50:00,0.0,4,18,2025-01-23
385551,SÃO PAULO,355030879A,SP,Avenida Tucuruvi,"-23,481","-46,604",2025-01-23 19:50:00,0.0,4,19,2025-01-23
385552,SÃO PAULO,355030879A,SP,Avenida Tucuruvi,"-23,481","-46,604",2025-01-23 20:50:00,0.0,4,20,2025-01-23
385553,SÃO PAULO,355030879A,SP,Avenida Tucuruvi,"-23,481","-46,604",2025-01-23 21:50:00,0.0,4,21,2025-01-23
385554,SÃO PAULO,355030879A,SP,Avenida Tucuruvi,"-23,481","-46,604",2025-01-23 22:50:00,0.0,4,22,2025-01-23
385555,SÃO PAULO,355030879A,SP,Avenida Tucuruvi,"-23,481","-46,604",2025-01-23 23:50:00,0.0,4,23,2025-01-23
385556,SÃO PAULO,355030879A,SP,Avenida Tucuruvi,"-23,481","-46,604",2025-01-24 00:50:00,0.0,4,0,2025-01-24
385557,SÃO PAULO,355030879A,SP,Avenida Tucuruvi,"-23,481","-46,604",2025-01-24 01:50:00,0.0,4,1,2025-01-24
385558,SÃO PAULO,355030879A,SP,Avenida Tucuruvi,"-23,481","-46,604",2025-01-24 02:50:00,0.0,4,2,2025-01-24
385559,SÃO PAULO,355030879A,SP,Avenida Tucuruvi,"-23,481","-46,604",2025-01-24 03:50:00,0.0,4,3,2025-01-24
385560,SÃO PAULO,355030879A,SP,Avenida Tucuruvi,"-23,481","-46,604",2025-01-24 04:50:00,0.0,4,4,2025-01-24
385561,SÃO PAULO,355030879A,SP,Avenida Tucuruvi,"-23,481","-46,604",2025-01-24 05:50:00,0.0,4,5,2025-01-24
385562,SÃO PAULO,355030879A,SP,Avenida Tucuruvi,"-23,481","-46,604",2025-01-24 06:50:00,0.0,4,6,2025-01-24
385563,SÃO PAULO,355030879A,SP,Avenida Tucuruvi,"-23,481","-46,604",2025-01-24 07:50:00,0.0,4,7,2025-01-24
385564,SÃO PAULO,355030879A,SP,Avenida Tucuruvi,"-23,481","-46,604",2025-01-24 08:50:00,0.0,4,8,2025-01-24
385565,SÃO PAULO,355030879A,SP,Avenida Tucuruvi,"-23,481","-46,604",2025-01-24 09:50:00,0.0,4,9,2025-01-24
385566,SÃO PAULO,355030879A,SP,Avenida Tucuruvi,"-23,481","-46,604",2025-01-24 10:50:00,0.0,4,10,2025-01-24
385567,SÃO PAULO,355030879A,SP,Avenida Tucuruvi,"-23,481","-46,604",2025-01-24 11:50:00,0.0,4,11,2025-01-24
385568,SÃO PAULO,355030879A,SP,Avenida Tucuruvi,"-23,481","-46,604",2025-01-24 12:50:00,0.0,4,12,2025-01-24
385569,SÃO PAULO,355030879A,SP,Avenida Tucuruvi,"-23,481","-46,604",2025-01-24 13:50:00,0.0,4,13,2025-01-24
385570,SÃO PAULO,355030879A,SP,Avenida Tucuruvi,"-23,481","-46,604",2025-01-24 14:50:00,0.0,4,14,2025-01-24
385571,SÃO PAULO,355030879A,SP,Avenida Tucuruvi,"-23,481","-46,604",2025-01-24 16:50:00,0.0,4,16,2025-01-24
385572,SÃO PAULO,355030879A,SP,Avenida Tucuruvi,"-23,481","-46,604",2025-01-24 17:50:00,0.0,4,17,2025-01-24
385573,SÃO PAULO,355030879A,SP,Avenida Tucuruvi,"-23,481","-46,604",2025-01-24 18:30:00,3.15,4,18,2025-01-24
385574,SÃO PAULO,355030879A,SP,Avenida Tucuruvi,"-23,481","-46,604",2025-01-24 18:40:00,6.3,4,18,2025-01-24
385575,SÃO PAULO,355030879A,SP,Avenida Tucuruvi,"-23,481","-46,604",2025-01-24 18:50:00,7.09,4,18,2025-01-24
385576,SÃO PAULO,355030879A,SP,Avenida Tucuruvi,"-23,481","-46,604",2025-01-24 19:00:00,5.71,4,19,2025-01-24
385577,SÃO PAULO,355030879A,SP,Avenida Tucuruvi,"-23,481","-46,604",2025-01-24 19:10:00,6.7,4,19,2025-01-24
385578,SÃO PAULO,355030879A,SP,Avenida Tucuruvi,"-23,481","-46,604",2025-01-24 19:20:00,4.92,4,19,2025-01-24
385579,SÃO PAULO,355030879A,SP,Avenida Tucuruvi,"-23,481","-46,604",2025-01-24 19:30:00,3.15,4,19,2025-01-24
385580,SÃO PAULO,355030879A,SP,Avenida Tucuruvi,"-23,481","-46,604",2025-01-24 19:40:00,1.57,4,19,2025-01-24
385581,SÃO PAULO,355030879A,SP,Avenida Tucuruvi,"-23,481","-46,604",2025-01-24 19:50:00,0.39,4,19,2025-01-24
385582,SÃO PAULO,355030879A,SP,Avenida Tucuruvi,"-23,481","-46,604",2025-01-24 20:00:00,0.39,4,20,2025-01-24
385583,SÃO PAULO,355030879A,SP,Avenida Tucuruvi,"-23,481","-46,604",2025-01-24 20:10:00,0.2,4,20,2025-01-24
385584,SÃO PAULO,355030879A,SP,Avenida Tucuruvi,"-23,481","-46,604",2025-01-24 20:30:00,0.2,4,20,2025-01-24
385585,SÃO PAULO,355030879A,SP,Avenida Tucuruvi,"-23,481","-46,604",2025-01-24 20:40:00,0.2,4,20,2025-01-24
385586,SÃO PAULO,355030879A,SP,Avenida Tucuruvi,"-23,481","-46,604",2025-01-24 20:50:00,0.39,4,20,2025-01-24
385587,SÃO PAULO,355030879A,SP,Avenida Tucuruvi,"-23,481","-46,604",2025-01-24 21:00:00,0.39,4,21,2025-01-24
385588,SÃO PAULO,355030879A,SP,Avenida Tucuruvi,"-23,481","-46,604",2025-01-24 21:10:00,0.39,4,21,2025-01-24
385589,SÃO PAULO,355030879A,SP,Avenida Tucuruvi,"-23,481","-46,604",2025-01-24 21:20:00,0.2,4,21,2025-01-24
385590,SÃO PAULO,355030879A,SP,Avenida Tucuruvi,"-23,481","-46,604",2025-01-24 21:40:00,0.2,4,21,2025-01-24
385591,SÃO PAULO,355030879A,SP,Avenida Tucuruvi,"-23,481","-46,604",2025-01-24 22:00:00,0.2,4,22,2025-01-24
385592,SÃO PAULO,355030879A,SP,Avenida Tucuruvi,"-23,481","-46,604",2025-01-24 22:10:00,0.2,4,22,2025-01-24
385593,SÃO PAULO,355030879A,SP,Avenida Tucuruvi,"-23,481","-46,604",2025-01-24 22:50:00,0.0,4,22,2025-01-24
385594,SÃO PAULO,355030879A,SP,Avenida Tucuruvi,"-23,481","-46,604",2025-01-24 23:50:00,0.0,4,23,2025-01-24
385595,SÃO PAULO,355030879A,SP,Avenida Tucuruvi,"-23,481","-46,604",2025-01-25 00:50:00,0.0,4,0,2025-01-25
385596,SÃO PAULO,355030879A,SP,Avenida Tucuruvi,"-23,481","-46,604",2025-01-25 01:50:00,0.0,4,1,2025-01-25
385597,SÃO PAULO,355030879A,SP,Avenida Tucuruvi,"-23,481","-46,604",2025-01-25 02:50:00,0.0,4,2,2025-01-25
385598,SÃO PAULO,355030879A,SP,Avenida Tucuruvi,"-23,481","-46,604",2025-01-25 03:50:00,0.0,4,3,2025-01-25
385599,SÃO PAULO,355030879A,SP,Avenida Tucuruvi,"-23,481","-46,604",2025-01-25 04:50:00,0.0,4,4,2025-01-25
385600,SÃO PAULO,355030879A,SP,Avenida Tucuruvi,"-23,481","-46,604",2025-01-25 05:50:00,0.0,4,5,2025-01-25
385601,SÃO PAULO,355030879A,SP,Avenida Tucuruvi,"-23,481","-46,604",2025-01-25 06:50:00,0.0,4,6,2025-01-25
385602,SÃO PAULO,355030879A,SP,Avenida Tucuruvi,"-23,481","-46,604",2025-01-25 07:50:00,0.0,4,7,2025-01-25
385603,SÃO PAULO,355030879A,SP,Avenida Tucuruvi,"-23,481","-46,604",2025-01-25 08:50:00,0.0,4,8,2025-01-25
385604,SÃO PAULO,355030879A,SP,Avenida Tucuruvi,"-23,481","-46,604",2025-01-25 09:50:00,0.0,4,9,2025-01-25
385605,SÃO PAULO,355030879A,SP,Avenida Tucuruvi,"-23,481","-46,604",2025-01-25 10:50:00,0.0,4,10,2025-01-25
385606,SÃO PAULO,355030879A,SP,Avenida Tucuruvi,"-23,481","-46,604",2025-01-25 11:50:00,0.0,4,11,2025-01-25
385607,SÃO PAULO,355030879A,SP,Avenida Tucuruvi,"-23,481","-46,604",2025-01-25 12:50:00,0.0,4,12,2025-01-25
385608,SÃO PAULO,355030879A,SP,Avenida Tucuruvi,"-23,481","-46,604",2025-01-25 13:50:00,0.0,4,13,2025-01-25
385609,SÃO PAULO,355030879A,SP,Avenida Tucuruvi,"-23,481","-46,604",2025-01-25 14:50:00,0.0,4,14,2025-01-25
385610,SÃO PAULO,355030879A,SP,Avenida Tucuruvi,"-23,481","-46,604",2025-01-25 15:50:00,0.0,4,15,2025-01-25
385611,SÃO PAULO,355030879A,SP,Avenida Tucuruvi,"-23,481","-46,604",2025-01-25 16:50:00,0.0,4,16,2025-01-25
385612,SÃO PAULO,355030879A,SP,Avenida Tucuruvi,"-23,481","-46,604",2025-01-25 17:50:00,0.0,4,17,2025-01-25
385613,SÃO PAULO,355030879A,SP,Avenida Tucuruvi,"-23,481","-46,604",2025-01-25 18:50:00,0.0,4,18,2025-01-25
385614,SÃO PAULO,355030879A,SP,Avenida Tucuruvi,"-23,481","-46,604",2025-01-25 19:50:00,0.0,4,19,2025-01-25
385615,SÃO PAULO,355030879A,SP,Avenida Tucuruvi,"-23,481","-46,604",2025-01-25 20:50:00,0.0,4,20,2025-01-25
385616,SÃO PAULO,355030879A,SP,Avenida Tucuruvi,"-23,481","-46,604",2025-01-25 21:50:00,0.0,4,21,2025-01-25
385617,SÃO PAULO,355030879A,SP,Avenida Tucuruvi,"-23,481","-46,604",2025-01-25 22:50:00,0.0,4,22,2025-01-25
385618,SÃO PAULO,355030879A,SP,Avenida Tucuruvi,"-23,481","-46,604",2025-01-25 23:50:00,0.0,4,23,2025-01-25
385619,SÃO PAULO,355030879A,SP,Avenida Tucuruvi,"-23,481","-46,604",2025-01-26 00:50:00,0.0,4,0,2025-01-26
385620,SÃO PAULO,355030879A,SP,Avenida Tucuruvi,"-23,481","-46,604",2025-01-26 01:50:00,0.0,4,1,2025-01-26
385621,SÃO PAULO,355030879A,SP,Avenida Tucuruvi,"-23,481","-46,604",2025-01-26 02:50:00,0.0,4,2,2025-01-26
385622,SÃO PAULO,355030879A,SP,Avenida Tucuruvi,"-23,481","-46,604",2025-01-26 03:50:00,0.0,4,3,2025-01-26
385623,SÃO PAULO,355030879A,SP,Avenida Tucuruvi,"-23,481","-46,604",2025-01-26 04:50:00,0.0,4,4,2025-01-26
385624,SÃO PAULO,355030879A,SP,Avenida Tucuruvi,"-23,481","-46,604",2025-01-26 05:10:00,0.2,4,5,2025-01-26
385625,SÃO PAULO,355030879A,SP,Avenida Tucuruvi,"-23,481","-46,604",2025-01-26 05:30:00,0.2,4,5,2025-01-26
385626,SÃO PAULO,355030879A,SP,Avenida Tucuruvi,"-23,481","-46,604",2025-01-26 05:50:00,0.0,4,5,2025-01-26
385627,SÃO PAULO,355030879A,SP,Avenida Tucuruvi,"-23,481","-46,604",2025-01-26 06:20:00,0.2,4,6,2025-01-26
385628,SÃO PAULO,355030879A,SP,Avenida Tucuruvi,"-23,481","-46,604",2025-01-26 06:50:00,0.0,4,6,2025-01-26
385629,SÃO PAULO,355030879A,SP,Avenida Tucuruvi,"-23,481","-46,604",2025-01-26 07:50:00,0.2,4,7,2025-01-26
385630,SÃO PAULO,355030879A,SP,Avenida Tucuruvi,"-23,481","-46,604",2025-01-26 08:50:00,0.0,4,8,2025-01-26
385631,SÃO PAULO,355030879A,SP,Avenida Tucuruvi,"-23,481","-46,604",2025-01-26 09:50:00,0.0,4,9,2025-01-26
385632,SÃO PAULO,355030879A,SP,Avenida Tucuruvi,"-23,481","-46,604",2025-01-26 10:50:00,0.0,4,10,2025-01-26
385633,SÃO PAULO,355030879A,SP,Avenida Tucuruvi,"-23,481","-46,604",2025-01-26 11:50:00,0.0,4,11,2025-01-26
385634,SÃO PAULO,355030879A,SP,Avenida Tucuruvi,"-23,481","-46,604",2025-01-26 12:50:00,0.0,4,12,2025-01-26
385635,SÃO PAULO,355030879A,SP,Avenida Tucuruvi,"-23,481","-46,604",2025-01-26 14:50:00,0.0,4,14,2025-01-26
385636,SÃO PAULO,355030879A,SP,Avenida Tucuruvi,"-23,481","-46,604",2025-01-26 15:50:00,0.0,4,15,2025-01-26
385637,SÃO PAULO,355030879A,SP,Avenida Tucuruvi,"-23,481","-46,604",2025-01-26 16:50:00,0.0,4,16,2025-01-26
385638,SÃO PAULO,355030879A,SP,Avenida Tucuruvi,"-23,481","-46,604",2025-01-26 17:50:00,0.2,4,17,2025-01-26
385639,SÃO PAULO,355030879A,SP,Avenida Tucuruvi,"-23,481","-46,604",2025-01-26 18:10:00,1.18,4,18,2025-01-26
385640,SÃO PAULO,355030879A,SP,Avenida Tucuruvi,"-23,481","-46,604",2025-01-26 18:20:00,4.72,4,18,2025-01-26
385641,SÃO PAULO,355030879A,SP,Avenida Tucuruvi,"-23,481","-46,604",2025-01-26 18:30:00,1.18,4,18,2025-01-26
385642,SÃO PAULO,355030879A,SP,Avenida Tucuruvi,"-23,481","-46,604",2025-01-26 18:40:00,0.39,4,18,2025-01-26
385643,SÃO PAULO,355030879A,SP,Avenida Tucuruvi,"-23,481","-46,604",2025-01-26 18:50:00,0.2,4,18,2025-01-26
385644,SÃO PAULO,355030879A,SP,Avenida Tucuruvi,"-23,481","-46,604",2025-01-26 19:30:00,5.99,4,19,2025-01-26
385645,SÃO PAULO,355030879A,SP,Avenida Tucuruvi,"-23,481","-46,604",2025-01-26 19:40:00,6.49,4,19,2025-01-26
385646,SÃO PAULO,355030879A,SP,Avenida Tucuruvi,"-23,481","-46,604",2025-01-26 19:50:00,0.39,4,19,2025-01-26
385647,SÃO PAULO,355030879A,SP,Avenida Tucuruvi,"-23,481","-46,604",2025-01-26 20:00:00,0.2,4,20,2025-01-26
385648,SÃO PAULO,355030879A,SP,Avenida Tucuruvi,"-23,481","-46,604",2025-01-26 20:10:00,0.39,4,20,2025-01-26
385649,SÃO PAULO,355030879A,SP,Avenida Tucuruvi,"-23,481","-46,604",2025-01-26 20:20:00,0.59,4,20,2025-01-26
385650,SÃO PAULO,355030879A,SP,Avenida Tucuruvi,"-23,481","-46,604",2025-01-26 20:30:00,0.39,4,20,2025-01-26
385651,SÃO PAULO,355030879A,SP,Avenida Tucuruvi,"-23,481","-46,604",2025-01-26 20:40:00,0.2,4,20,2025-01-26
385652,SÃO PAULO,355030879A,SP,Avenida Tucuruvi,"-23,481","-46,604",2025-01-26 20:50:00,0.0,4,20,2025-01-26
385653,SÃO PAULO,355030879A,SP,Avenida Tucuruvi,"-23,481","-46,604",2025-01-26 21:00:00,0.59,4,21,2025-01-26
385654,SÃO PAULO,355030879A,SP,Avenida Tucuruvi,"-23,481","-46,604",2025-01-26 21:10:00,0.59,4,21,2025-01-26
385655,SÃO PAULO,355030879A,SP,Avenida Tucuruvi,"-23,481","-46,604",2025-01-26 21:20:00,0.39,4,21,2025-01-26
385656,SÃO PAULO,355030879A,SP,Avenida Tucuruvi,"-23,481","-46,604",2025-01-26 21:30:00,0.2,4,21,2025-01-26
385657,SÃO PAULO,355030879A,SP,Avenida Tucuruvi,"-23,481","-46,604",2025-01-26 21:40:00,0.2,4,21,2025-01-26
385658,SÃO PAULO,355030879A,SP,Avenida Tucuruvi,"-23,481","-46,604",2025-01-26 21:50:00,0.0,4,21,2025-01-26
385659,SÃO PAULO,355030879A,SP,Avenida Tucuruvi,"-23,481","-46,604",2025-01-26 22:50:00,0.0,4,22,2025-01-26
385660,SÃO PAULO,355030879A,SP,Avenida Tucuruvi,"-23,481","-46,604",2025-01-26 23:40:00,0.2,4,23,2025-01-26
